104003|TAG GROUP|vieira diniz|PRATICA ETIQUETAS LTDA - ME|1002429|1002064|222/2013 ADITIVO- 05|25/05/2015 A 24/11/2016|420134/2015|1725.00|2016-09-05|PRODUÇÃO|PRÁTICA ETIQUETAS|
103823|TAG GROUP|EDITAL 2014|JORNAL DA PARAIBA - EDITORA JORNAL DA PARAIBA LTDA|5238|1001267|222/2013 ADITIVO- 04|25/05/2015 A 24/11/2015|420036/2015|1120.35|2015-12-18|VEICULAÇÃO|JORNAL DA PARAIBA|
104217|ART&C|TRANPARENCIA/EDUCAÇÃO|MAIS PB PORTAL DE NOTICIAS E COMUNICAÇÃO LTDA|1000642|1000204|222/2013 ADITIVO- 07|25/11/2016 A 24/05/2017|420030/2017|9700.00|2017-03-10|VEICULAÇÃO|MAIS PB TV|
102933|DABLIU A|ANIVERSARIO DE JOAO PESSOA|PORTAL VITRINE POLITICA|1000016|20708|222/2013 ADITIVO- 02|25/05/2014 a24/11/2014|420106/2014|4850.00|2014-10-13|VEICULAÇÃO|PORTAL VITRINE POLITICA|
104279|TAG ZAG|VEICULAÇÃO CARNAVAL|SOCIEDADE PARAIBANA DE COMUNICAÇÃO LTDA|5900|1003405|222/2013 ADITIVO- 07|25/11/2016 A 24/05/2017|420055/2017|24250.00|2017-04-10|VEICULAÇÃO|TV ARAPUAN|
103419|TAG GROUP|EDUCAÇÃO/CUIDADOR/HAB./BANCO|TELEVISÃO TAMBAU LTDA|5104|1002059|222/2013 ADITIVO- 03|25/11/2014 a24/05/2015|420034/2015|72381.40|2015-06-12|VEICULAÇÃO|TV TAMBAÚ|
102964|DABLIU A|ANIVERSARIO DE JOAO PESSOA|VINTE E SETE DEZ COMUNICAÇAO|1000060|20724|222/2013 ADITIVO- 02|25/05/2014 a24/11/2014|420106/2014|1940.00|2014-10-13|VEICULAÇÃO|VINTE E SETE DEZ COM.|
102286|SUPER LIGA 66|JOÃO PESSOA ARTESÃ|REDE LITORANEA DE RADIO LTDA|1496|1000118|222/2013|25/11/2013 a 24/05/2014|420291/2013|1296.00|2014-04-23|VEICULAÇÃO|RADIO CBN FM|
103315|DABLIU A|ACADEMIA DE SAÚDE COLINAS DO SUL|ADESIVO DOIS COMUNICAÇÃO VISUAL LTDA|1000691|40137|222/2013 ADITIVO- 03|25/11/2014 a24/05/2015|420035/2015|6325.00|2015-05-05|PRODUÇÃO|ADESIVO 2|
104655|ART&C|HABITAÇÃO|WSCOM COMUNICAÇÃO E ARTES LTDA|1000590|1000418|222/2013 ADITIVO- 08|25/05/2017 A 24/11/2017|420107/2017|6790.00|2017-10-11|VEICULAÇÃO|WSCOM|
103907|SUPERLIGA 66|ZIKA VIRUS|RADIO FM CORREIO DE JOAO PESSOA LTDA|16968|1000803|222/2013 ADITIVO- 05|25/05/2015 A 24/11/2016|420190/2015|12901.00|2016-02-25|VEICULAÇÃO|RADIO 98 FM|
104470|TAG ZAG|ORÇAMENTO PMJP|CANARIO PRODUTORA DE VIDEO LTDA|1000343|1003566|222/2013 ADITIVO- 08|25/05/2017 A 24/11/2017|420100/2017|102350.00|2017-07-12|PRODUÇÃO|CANARIO FILMES|
102580|TAG GROUP|BALANÇO|JORNAL CORREIO DA PARAIBA LTDA|147170|1000673|222/2013 ADITIVO- 01|25/11/2013 a 24/05/2014|420000/2014|4000.00|2014-04-25|VEICULAÇÃO|PORTAL CORREIO|
102369|TAG GROUP|FESTIVAL DE MÚSICA CLÁSSICA|TELEVISÃO TAMBAU LTDA.|3567|1000292|222/2013|25/11/2013 a 24/05/2014|420292/2013 e 420310/2013|43937.12|2014-04-23|VEICULAÇÃO|TV TAMBAU|
102346|TAG GROUP|FESTIVAL DE MÚSICA CLÁSSICA|EMP. DE TELEVISÃO JOÃO PESSOA LTDA|19144|1000334|222/2013|25/11/2013 a 24/05/2014|420292/2013 e 420310/2013|11615.75|2014-02-28|VEICULAÇÃO|TV CORREIO|
104596|ART&C|HABITAÇÃO|REBECA NEPONOCENO CHAVES|1000026|1000379|222/2013 ADITIVO- 08|25/05/2017 A 24/11/2017|420107/2017|6790.00|2017-09-15|VEICULAÇÃO|PORTAL PB HOJE|
104592|ART&C|HABITAÇÃO|PARAIBA DOT COM INTERNET  E COMUNICAÇÃO LTDA|1000122|1000390|222/2013 ADITIVO- 08|25/05/2017 A 24/11/2017|420107/2017|9700.00|2017-09-15|VEICULAÇÃO|PORTAL PARAIBA.COM.BR|
102379|SUPER LIGA 66|NATAL POPULAR|RADIO E TELEVISÃO PARAIBANA LTDA|6796|100055|222/2013|25/11/2013 a 24/05/2014|420291/2013|2400.00|2014-04-22|VEICULAÇÃO|RAD SUCESSO|
103392|TAG GROUP|IPTU - ABRIL|JORNAL CORREIO DA PARAIBA LTDA|157405|1001895|222/2013 ADITIVO- 03|25/11/2014 a24/05/2015|420034/2015|4850.00|2015-05-26|VEICULAÇÃO|PORTAL CORREIO|
102741|SUPERLIGA 66|CINEPORT|HOT DIGITAL - JUSSARA NEVES DE FREITAS NAZION|1000090|1000228|222/2013 ADITIVO- 02|25/05/2014 a24/11/2014|420109/2014|3600.00|2014-07-29|PRODUÇÃO|HOT DIGITAL|
103806|SUPERLIGA 66|TRANSPARENCIA NOVEMBRO|RADIO FM CORREIO DE JOÃO PESSOA LTDA-EPP|46916|1000761|222/2013 ADITIVO- 05|25/05/2015 A 24/11/2016|420174/2015|3492.00|2015-12-18|VEICULAÇÃO|RADIO 98 FM|
102565|ART C|CRIAÇÃO INSTITUCIONAL|ART & C COMUNICAÇÃO INTEGRADA LTDA|8392|8392|222/2013|25/11/2013 a 24/05/2014|420293/2013|8564.40|2014-01-17|CRIAÇÃO|SUPER LIGA 66|
103571|DABLIU A|PMJP|RADIO AREIA DOURADA LTDA|929|40487|222/2013 ADITIVO- 04|25/05/2015 A 24/11/2015|420133/2015|11105.53|2015-09-25|VEICULAÇÃO|RADIO CABO BRANCO FM|
103469|TAG GROUP|SAUDE/INFR|MAIS PB PORTAL DE NOTICIAS E COM. LTDA|1000272|1002185|222/2013 ADITIVO- 04|25/05/2015 A 24/11/2015|420114/2015|19400.00|2015-07-29|VEICULAÇÃO|MAIS PB|
103246|TAG GROUP|FESTIVAL DE MUSICA CLASSICA 2|REDE LITORANEA DE RADIO LTDA|2091|1001627|222/2013 ADITIVO- 03|25/11/2014 a24/05/2015|420034/2015|4345.60|2015-02-06|VEICULAÇÃO|RADIO CBN|
104128|TAG GROUP|MÍDIA NOVEMBRO|TELEVISAO CABO BRANCO|1523|1003154|222/2013 ADITIVO- 06|25/05/2015 A 24/11/2016|420109/2016|5820.00|2016-12-21|VEICULAÇÃO|G1|
104514|SUPERLIGA 66|ADAPTAÇÃO ANUNCIOS|SUPERLIGA 66 SERVIÇOS LTDA|1001454|1001454|222/2013 ADITIVO- 08|25/05/2017 A 24/11/2017|420108/2017|3158.40|2017-08-14|CRIAÇÃO|SUPERLIGA 66|
103243|TAG GROUP|FESTIVAL DE MUSICA CLASSICA 2|EMPRESA DE TELEVISÃO J. PESSOA|31219|1001617|222/2013 ADITIVO- 03|25/11/2014 a24/05/2015|420034/2015|10098.67|2015-02-06|VEICULAÇÃO|TV CORREIO|
103662|TAG GROUP|ADESIVO BANCO CIDADAO|TAG GROUP COMUNICAÇÃO LTDA|1002465|1002465|222/2013 ADITIVO- 04|25/05/2015 A 24/11/2015|420149/2015|3489.92|2015-10-20|CRIAÇÃO|TAG ZAG|
104682|SUPERLIGA 66|FAIXAS DIA DOS PAIS|ADESIVO DOIS COMUNICAÇÃO VISUA LTDA|1002367|1001514|222/2013 ADITIVO- 08|25/05/2017 A 24/11/2017|420108/2017|217.35|2017-10-11|PRODUÇÃO|ADESIVO 2|
103304|DABLIU A|CARNAVAL TRADIÇÃO|ALFREDO PEREIRA DA SILVA|1000697|40160|222/2013 ADITIVO- 03|25/11/2014 a24/05/2015|420035/2015|1840.00|2015-05-05|PRODUÇÃO|JP BALÕES|
103464|TAG GROUP|CARTÕES POSTAIS|RADIO LIBERDADE FM DE SANTA RITA LTDA.|431|1002171|222/2013 ADITIVO- 04|25/05/2015 A 24/11/2015|420114/2015|4888.80|2015-07-29|VEICULAÇÃO|RADIO LIBERDADE|
104127|TAG GROUP|MÍDIA NOVEMBRO|EDITORA JORNAL DA PARAIBA LTDA|13701|1003145|222/2013 ADITIVO- 06|25/05/2015 A 24/11/2016|420109/2016|3026.40|2016-12-21|VEICULAÇÃO|JP ONLINE|
103326|DABLIU A|IPTU|RADIO E TELEVISÃO PARAIBANA LTDA|7526|40261|222/2013 ADITIVO- 03|25/11/2014 a24/05/2015|420035/2015|38800.00|2015-05-05|VEICULAÇÃO|RADIO ARAPUAN FM|
103945|SUPERLIGA 66|IPTU 2016|EMPRESA DE TELEVISAO JOAO PESSOA LTDA|33539|1000901|222/2013 ADITIVO- 05|25/05/2015 A 24/11/2016|420014/2016|36200.40|2016-04-13|VEICULAÇÃO|RCTV|
103870|DABLIU A|VEICULAÇÃO NOVEMBRO|MARIANO E CARDOSO LTDA|591|40715|222/2013 ADITIVO- 04|25/05/2015 A 24/11/2015|420173/2015|9700.00|2015-12-22|VEICULAÇÃO|MIDIA XXI|
103288|DABLIU A|NOTA|RADIO FM CORREIO DE JOAO PESSOA LTDA EPP|16292|40243|222/2013 ADITIVO- 03|25/11/2014 a24/05/2015|420035/2015|2483.20|2015-04-30|VEICULAÇÃO|RDIO 98 FM|
103663|DABLIU A|MIDIA SETEMBRO|RADIO LIBERDADE FM DE SANTA RITA LTDA.|443|40612|222/2013 ADITIVO- 04|25/05/2015 A 24/11/2015|420150/2015|5674.50|2015-10-20|VEICULAÇÃO|RADIO LIBERDADE|
104690|TAG ZAG|CRIAÇÃO AGOSTO|TAG GROUP COMUNICAÇÃO LTDA|1003746|1003746|222/2013 ADITIVO- 08|25/05/2017 A 24/11/2017|420114/2017|107860.00|2017-10-11|CRIAÇÃO|TAG|
103351|SUPERLIGA 66|OBRAS|ALEXANDRE DE SOUSA FREIRE - ME|1000074|10000337|222/2013|25/11/2013 a 24/05/2014|420291/2013|1940.00|2015-05-06|VEICULAÇÃO|27 E 10 COMUNICAÇÃO|
102666|SUPERLIGA66|REVITALIZAÇÃO DA LAGOA|REVISTA PAINEL EMPRESARIAL|1000062|1000277|222/2013 ADITIVO- 02|25/05/2014 a24/11/2014|420109/2014|14550.00|2014-08-28|VEICULAÇÃO|REVISTA PAINEL|
104043|SUPERLIGA 66|LONAS REVEILON 2015|ADESIVO DOIS COMUNICAÇÃO VISUAL LTDA|1001846|1001163|222/2013 ADITIVO- 06|25/05/2015 A 24/11/2016|420101/2016|6900.00|2016-11-25|PRODUÇÃO|ADESIVO DOIS|
103242|TAG GROUP|FESTIVAL DE MUSICA CLASSICA 2|SOCIEDADE PARAIBANA DE COMUNICAÇÃO LTDA|4516|1001619|222/2013 ADITIVO- 03|25/11/2014 a24/05/2015|420034/2015|8000.09|2015-02-06|VEICULAÇÃO|TV ARAPUAN|
102287|SUPER LIGA 66|JOÃO PESSOA ARTESÃ|TELEVISÃO CABO BRANCO|28308|1000118|222/2013|25/11/2013 a 24/05/2014|420291/2013|32913.00|2014-04-23|VEICULAÇÃO|TV CABO BRANCO|
103714|SUPERLIGA 66|MIDIA OUTUBRO|TELEVISÃO CABO BRANCO LDTA|1165|1000698|222/2013 ADITIVO- 04|25/05/2015 A 24/11/2015|420157/2015|14550.00|2015-11-19|VEICULAÇÃO|G1|
104386|TAG ZAG|VEICULAÇÃO ABRIL|RADIO FM CORREIO DE JOAO PESSOA LTDA|18214|1003490|222/2013 ADITIVO- 08|25/05/2017 A 24/11/2017|420075/2017|5723.00|2017-06-13|vEICULAÇÃO|RADIO 98 CORREIO FM|
104247|TAG GROUP|VEICULAÇÃO JANEIRO|TELEVISÃO CABO BRANCO  LTDA|34502|1003323|222/2013 ADITIVO- 07|25/11/2016 A 24/05/2017|420027/2017|122217.09|2017-03-10|VEICULAÇÃO|TV CABO BRANCO|
104472|TAG ZAG|BANCO CIDADAO|MC STUDIO LTDA|3957|1003561|222/2013 ADITIVO- 08|25/05/2017 A 24/11/2017|420100/2017|9775.00|2017-07-12|PRODUÇÃO|MUZAK|
103850|DABLIU A|OBRAS NOVEMBRO|TV CABO BRANCO LTDA|32370|4076|222/2013 ADITIVO- 05|25/05/2015 A 24/11/2016|420175/2015|299451.61|2015-12-18|VEICULAÇÃO|TV CABO BRANCO|
103040|TAG GROUP|EDITAIS JULHO|EDITORA JORNAL DA PARAIBA LTDA|5236|1001266|222/2013 ADITIVO- 02|25/05/2014 a24/11/2014|420107/2014|1338.60|2014-12-03|VEICULAÇÃO|JORNAL DA PARAIBA|
102479|SUPER LIGA 66|AVULSOS|ALFREDO P.DA SILVA|100228|100048|222/2013|25/11/2013 a 24/05/2014|420291/2013|1400.00|2014-04-25|PRODUÇÃO|JP BALÕES|
104397|TAG ZAG|FAIXAS E BANERS CARNAVAL 2017|PRATICA ETIQUETAS LTDA|1004504|1003457|222/2013 ADITIVO- 08|25/05/2017 A 24/11/2017|420075/2017|13248.00|2017-06-13|vEICULAÇÃO|PRATICA ETIQUETAS|
103125|TAG GROUP|EDITAIS MARÇO|EDITORA JORNAL DA PARAIBA LTDA|2932|1001190|222/2013 ADITIVO- 02|25/05/2014 a24/11/2014|420107/2014|465.60|2014-12-03|VEICULAÇÃO|JORNAL DA PARAIBA|
102550|SUPER LIGA 66|AVULSOS|SUPERLIGA 66 COMUNICAÇÃO LTDA|100043|100043|222/2013|25/11/2013 a 24/05/2014|420291/2013|2857.60|2014-04-25|CRIAÇÃO|SUPER LIGA 66|
103810|SUPERLIGA 66|FOGUEIRA DE PREMIOS|GRAFICA JB LTDA|1910946|1000586|222/2013 ADITIVO- 03|25/11/2014 a24/05/2015|420036/2015|992.00|2015-12-18|VEICULAÇÃO|GRAFICA JB|
104662|ART&C|MIDIA ALTERNATIVA|HUGO BARROSO SILVA DE MENEZES|1000018|1000417|222/2013 ADITIVO- 08|25/05/2017 A 24/11/2017|420107/2017|2425.00|2017-10-11|VEICULAÇÃO|H2R SOLUTONS|
103646|DABLIU A|LAGOA 430 ANOS|SISTEMA JC-NET DE COMUNICAÇÃO LTDA|1000044|40403|222/2013 ADITIVO- 04|25/05/2015 A 24/11/2015|420133/2015|4850.00|2015-10-29|VEICULAÇÃO|JC NET|
102397|DABLIU A|NATAL|SISTEMA TAMBAU DE COMUNICAÇÃO LTDA|3660|20156|222/2013|25/11/2013 a 24/05/2014|420294/2013|21825.00|2014-02-06|VEICULAÇÃO|RAD SUCESSO|
102430|ART C|INSTITUCIONAL|IMPRELL GRAFICA E EDITORA LTDA-ME|1000052|8616|222/2013|25/11/2013 a 24/05/2014|420293/2013|2425.00|2014-03-31|VEICULAÇÃO|JOR DA PRAIA|
102811|ART&C|IPTU|TV CABO BRANCO LTDA|28858|10523|222/2013 ADITIVO- 02|25/05/2014 a24/11/2014|420108/2014|69304.56|2014-07-29|VEICULAÇÃO|TV CABO BRANCO|
104005|DABLIU A|PRACA DA JUVENTUDE|PRATICA ETIQUETAS LTDA - ME|1002703|40472|222/2013 ADITIVO- 05|25/05/2015 A 24/11/2016|420150/2015|1186.80|2016-09-05|PRODUÇÃO|PRÁTICA ETIQUETAS|
104213|ART&C|TRANPARENCIA/EDUCAÇÃO|PARAIBA DOT COM INTERNET E COMUNICAÇÃO LTDA|1000087|1000200|222/2013 ADITIVO- 07|25/11/2016 A 24/05/2017|420030/2017|9700.00|2017-03-10|VEICULAÇÃO|PARAIBA.COM|
103723|ART&C|MIDIA OUTUBRO|PARAIBA DOTE COM INTERNET E COMUNICAÇÃO LTDA|1000045|1000118|222/2013 ADITIVO- 04|25/05/2015 A 24/11/2015|420161/2015|14550.00|2015-11-19|VEICULAÇÃO|PORTAL PARAIBA.COM.BR|
103908|SUPERLIGA 66|ZIKA VIRUS|RADIO LIBERDADE FM DE SANTA RITA LTDA.|450|1000818|222/2013 ADITIVO- 05|25/05/2015 A 24/11/2016|420190/2015|4888.80|2016-02-25|VEICULAÇÃO|RADIO LIBERDADE|
104164|TAG ZAG|VISTA ALEGRE|RADIO E TELEVISÃO PARAIBANA LTDA|8465|1003266|222/2013 ADITIVO- 07|25/11/2017 A 24/05/2017|420011/2017|5548.40|2017-02-10|VEICULAÇÃO|RADIO ARAPUAN|
104540|TAG ZAG|VEICULAÇÃO JUNHO|EMPRESA DE TELEVISÃO JOÃO PESSOA LTDA|35747|1003611|222/2013 ADITIVO- 08|25/05/2017 A 24/11/2017|420114/2017|29100.00|2017-08-14|VEICULAÇÃO|TV CORREIO|
104633|TAG ZAG|JULHO|RADIO AREIA DOURADA LTDA|2522|1003687|222/2013 ADITIVO- 08|25/05/2017 A 24/11/2017|420114/2017|2910.00|2017-09-15|VEICULAÇÃO|RADIO CABO BRANCO|
104340|SUPERLIGA 66|NEWSLETTER PMJP|SUPERLIGA 66 SERVIÇOS LTDA|1001346|1001346|222/2013 ADITIVO- 07|25/11/2016 A 24/05/2017|420064/2017|3814.40|2017-05-10|CRIAÇÃO|SUPERLIGA 66|
103597|DABLIU A|TIMBRADO 430 ANOS|GRÁFICA JB LTDA|1011697|40518|222/2013 ADITIVO- 04|25/05/2015 A 24/11/2015|420133/2015|793.50|2015-10-08|PRODUÇÃO|GRÁFICA JB|
102337|DABLIU A|NATAL|JORNAL CORREIO DA PARAIBA LTDA|147102|20174|222/2013|25/11/2013 a 24/05/2014|420294/2013|42500.00|2014-02-28|VEICULAÇÃO|JORNAL CORREIO|
104411|SUPERLIGA 66|UPS CRUZ DAS ARMAS|ADESIVO DOIS COMUNICAÇÃO VISUAL LTDA|1002174|1001397|222/2013 ADITIVO- 08|25/05/2017 A 24/11/2017|420082/2017|434.70|2017-06-13|PRODUÇÃO|ADESIVO 2|
104116|TAG GROUP|OLHAR AO LADO|TELEVISAO TAMBAU LTD|6440|1003148|222/2013 ADITIVO- 06|25/05/2015 A 24/11/2016|420109/2016|54214.23|2016-12-21|VEICULAÇÃO|TV TAMBAÚ|
102620|DABLIU A|EXTREMO CULTURAL|ALFREDO PEREIRA DA SILVA|1000281|20413|222/2013 ADITIVO- 01|25/11/2013 a 24/05/2014|420007/2014|7245.00|2014-04-25|PRODUÇÃO|JP BALÕES|
103797|DABLIU A|MIDIA NOVEMBRO|RADIO E TELEVISÃO PARAIBANA LTDA|7934|40737|222/2013 ADITIVO- 05|25/05/2015 A 24/11/2016|420175/2015|756.60|2015-12-18|VEICULAÇÃO|RADIO ARAPUAN FM|
103813|TAG GROUP|EDITAL 2014|JORNAL DA PARAIBA - EDITORA JORNAL DA PARAIBA LTDA|2918|1001205|222/2013 ADITIVO- 04|25/05/2015 A 24/11/2015|420036/2015|1280.40|2015-12-18|VEICULAÇÃO|JORNAL DA PARAIBA|
102938|DABLIU A|ANIVERSARIO DE JOAO PESSOA|CLICK PB - AMLL SERV E PORTAL DE INTERNET LTDA|1000063|20715|222/2013 ADITIVO- 02|25/05/2014 a24/11/2014|420106/2014|19400.00|2014-10-02|VEICULAÇÃO|PORTAL CLICK PB|
104528|SUPERLIGA 66|CARTAZES MULHER|GRÁFICA JB LTDA|1026686|1001478|222/2013 ADITIVO- 08|25/05/2017 A 24/11/2017|420108/2017|2702.50|2017-08-14|PRODUÇÃO|GRÁFICA JB|
104564|TAG ZAG|CIDADE SUSTENTAVEL|MC STUDIO LTDA|3958|1003560|222/2013 ADITIVO- 08|25/05/2017 A 24/11/2017|420114/2017|14720.00|2017-08-14|PRODUÇÃO|MUZAK|
103960|DABLIU A|INSTITUCIONAL|ADESIVO DOIS COMUNICAÇÃO VISUAL LTDA|1000969|40567|222/2013 ADITIVO- 04|25/05/2015 A 24/11/2015|420150/2015|437.00|2016-04-27|PRODUÇÃO|ADESIVO 2|
102807|ART&C|CARNAVAL 2014|EDITORA JORNAL DA PARAIBA LTDA|2037|10517|222/2013 ADITIVO- 02|25/05/2014 a24/11/2014|420108/2014|6790.00|2014-07-29|VEICULAÇÃO|JORNAL DA PARAIBA|
102709|SUPERLIGA 66|CINEPORT|ALFREDO PEREIRA DA SILVA|1000441|1000326|222/2013 ADITIVO- 02|25/05/2014 a24/11/2014|420109/2014|900.00|2014-12-17|PRODUÇÃO|JP BALÕES|
103240|TAG GROUP|FESTIVAL DE MUSICA CLASSICA 2|REDE LITORANEA DE RADIO LTDA|2100|1001626|222/2013 ADITIVO- 03|25/11/2014 a24/05/2015|420034/2015|3724.80|2015-02-06|VEICULAÇÃO|RADIO CBN|
103085|TAG GROUP|EDITAIS JAN|JORNAL CORREIO DA PARAIBA LTDA|147330|1001176|222/2013 ADITIVO- 02|25/05/2014 a24/11/2014|420107/2014|392.85|2014-12-03|VEICULAÇÃO|JORNAL CORREIO|
104183|SUPERLIGA 66|JOÃO PESSOA ARTESA|SUPERLIGA 66 COMUNICAÇÃO LTDA|1001250|1001250|222/2013 ADITIVO- 07|25/11/2017 A 24/05/2017|420011/2017|747.20|2017-02-10|CRIAÇÃO|SUPERLIGA 66|
104321|TAG ZAG|CRIAÇÃO DIVERSOS CARNAVAL|TAG GROUP COMUNICAÇÃO LTDA|1003450|1003450|222/2013 ADITIVO- 07|25/11/2016 A 24/05/2017|420061/2017|75908.00|2017-05-10|CRIAÇÃO|TAG|
103393|TAG GROUP|VEICULAÇÃO DE  ENCARTES|JORNAL CORREIO DA PARAIBA LTDA|157059|1001883|222/2013 ADITIVO- 03|25/11/2014 a24/05/2015|420034/2015|10292.28|2015-05-26|VEICULAÇÃO|JORNAL CORREIO|
103979|ART&C|ACOMPANHAMENTO SETEMBRO|COMVIDEO PRODUÇÕES BROADCAST LTDA|1000036|1000095|222/2013 ADITIVO- 04|25/05/2015 A 24/11/2015|420160/2015|66441.25|2016-06-10|PRODUÇÃO|COMVIDEO|
103910|SUPERLIGA 66|ZIKA VIRUS|RADIO JORNAL DE JOAO  PESSOA LTDA|1286|1000802|222/2013 ADITIVO- 05|25/05/2015 A 24/11/2016|420190/2015|11174.40|2016-02-25|VEICULAÇÃO|RADIO MIX|
104708|TAG ZAG|VEICULAÇÃO AGOSTO|RADIO FM CORREIO DE JOAO PESSOA LTDA|18527|1003738|222/2013 ADITIVO- 08|25/05/2017 A 24/11/2017|420114/2017|14550.00|2017-10-11|VEICULAÇÃO|RADIO 98 CORREIO FM|
104586|ART&C|HABITAÇÃO|ALAN KARDEC BORGES DE SOUZA|503097|1000380|222/2013 ADITIVO- 08|25/05/2017 A 24/11/2017|420107/2017|3637.50|2017-09-15|VEICULAÇÃO|PORTAL POLITIKA|
104625|TAG ZAG|CUIDADO|CANARIO PRODUTORA DE VIDEO LTDA|1000351|1003660|222/2013 ADITIVO- 08|25/05/2017 A 24/11/2017|420114/2017|94300.00|2017-09-15|PRODUÇÃO|CANARIO FILMES|
102314|SUPER LIGA 66|NATAL POPULAR|EMP. DE TELEVISÃO JOÃO PESSOA LTDA|19327|100057|222/2013|25/11/2013 a 24/05/2014|420291/2013|49473.60|2014-01-17|VEICULAÇÃO|TV  CORREIO|
102654|SUPERLIGA66|PAIXÃO DE CRISTO|GRAFICA JB TLDA|1003836|1000187|222/2013 ADITIVO- 02|25/05/2014 a24/11/2014|420109/2014|681.00|2014-06-16|PRODUÇÃO|GRÁFICA JB|
104227|SUPERLIGA 66|LGBT|ADESIVO DOIS COMUNICAÇÃO LTDA|1001989|1001284|222/2013 ADITIVO- 07|25/11/2016 A 24/05/2017|420028/2017|336.70|2017-03-10|PRODUÇÃO|ADESIVO DOIS|
103799|SUPERLIGA 66|TRANSPARENCIA NOVEMBRO|RADIO E TELEVISAO PARAIBANA LTDA|4720|1000746|222/2013 ADITIVO- 05|25/05/2015 A 24/11/2016|420174/2015|8070.40|2015-12-18|VEICULAÇÃO|RADIO SUCESSO FM|
103955|TAG GROUP|CRIAÇÃO|TAG GROUP COMUNICAÇÃO LTDA|1002757|1002757|222/2013 ADITIVO- 05|25/05/2015 A 24/11/2016|420013/2016|12356.80|2016-04-13|VEICULAÇÃO|TAG ZAG|
102661|SUPERLIGA66|TURISMO PMJP|TELEVISÃO BANDEIRANTES DE PRESIDENTE PRUDENTE LTDA|162/1403|1000274|222/2013 ADITIVO- 02|25/05/2014 a24/11/2014|420109/2014|80902.85|2014-08-28|VEICULAÇÃO|BAND SP PRES. PRUDENTE|
102999|TAG GROUP|EDITAIS ABRIL|JORNAL CORREIO DA PARAIBA LTDA|153403|1001287|222/2013 ADITIVO- 02|25/05/2014 a24/11/2014|420107/2014|1440.45|2014-12-03|VEICULAÇÃO|JORNAL CORREIO|
103104|TAG GROUP|EDITAIS FEVEREIRO|JORNAL CORREIO DA PARAIBA LTDA|149227|1001237|222/2013 ADITIVO- 02|25/05/2014 a24/11/2014|420107/2014|916.65|2014-12-03|VEICULAÇÃO|JORNAL CORREIO|
103595|DABLIU A|CONVITES RONALDO FRAGA|GRÁFICA JB LTDA|1011696|40516|222/2013 ADITIVO- 04|25/05/2015 A 24/11/2015|420133/2015|396.75|2015-10-08|PRODUÇÃO|GRÁFICA JB|
103619|SUPERLIGA 66|MULTIRÃO FISCAL|RADIO E TELEVISAO O NORTE LTDA|16226|1000639|222/2013 ADITIVO- 03|25/11/2014 a24/05/2015|420036/2015|12152.16|2015-10-15|EXIBIÇÃO|TV CLUBE|
102592|TAG GROUP|BALANÇO|PARAIBA DOTE COM INTERNET E COMUNICAÇÃO LTDA|6|1000678|222/2013 ADITIVO- 01|25/11/2013 a 24/05/2014|420000/2014|5000.00|2014-04-25|VEICULAÇÃO|PORT. PB.COM|
102981|DABLIU A|EDITAIS AGOSTO|EDITORA JORNAL DA PARAIBA LTDA|4726|20881|222/2013 ADITIVO- 02|25/05/2014 a24/11/2014|420106/2014|1498.65|2014-12-03|VEICULAÇÃO|JORNAL DA PARAIBA|
102631|ART C|IPTU|RADIO SANHAUA DE BAYEUX LTDA|489|9235|222/2013|25/11/2013 a 24/05/2014|420293/2013|5296.20|2014-04-23|VEICULAÇÃO|RADIO SANHAUA|
103699|DABLIU A|MIDIA OUTUBRO|EMP. DE TELEVISÃO JOÃO PESSOA LTDA|32827|40651|222/2013 ADITIVO- 04|25/05/2015 A 24/11/2015|420159/2015|20981.10|2015-11-19|VEICULAÇÃO|JORNAL CORREIO|
104595|ART&C|HABITAÇÃO|RAINHA PUBLICIDADE E PROPAGANDA|40611|1000377|222/2013 ADITIVO- 08|25/05/2017 A 24/11/2017|420107/2017|3880.00|2017-09-15|VEICULAÇÃO|PORTAL PARAIBA ONLINE|
102833|DABLIU A|REUNIAO CARTILHA ELEITORAL|ADESIVO DOIS COMUNICAÇÃO VISUAL LTDA|1000289|20572|222/2013 ADITIVO- 02|25/05/2014 a24/11/2014|420106/2014|144.90|2014-07-29|PRODUÇÃO|ADESIVO 2|
104085|DABLIU A|PLACAS PARA EXPOSIÇÃO|ADESIVO DOIS COMUNICAÇÃO VISUAL LTDA|1001246|40741|222/2013 ADITIVO- 06|25/05/2015 A 24/11/2016|420103/2016|1472.00|2016-11-25|PRODUÇÃO|ADESIVO DOIS|
104487|SUPERLIGA 66|QUALIDADE 3O|RADIO FM O NORTE S/A|7791|1001432|222/2013 ADITIVO- 08|25/05/2017 A 24/11/2017|420099/2017|3041.92|2017-07-12|VEICULAÇÃO|RADIO BAND NEWS|
102691|ART&C|IPTU|RADIO FM O NORTE LTDA|6585|10197|222/2013 ADITIVO- 02|25/05/2014 a24/11/2014|420108/2014|4888.80|2014-06-12|VEICULAÇÃO|RADIO CLUBE|
103528|DABLIU A|NOTA|RADIO E TELEVISÃO O NORTE LTDA|15883|40381|222/2013 ADITIVO- 04|25/05/2015 A 24/11/2015|420131/2015|20170.18|2015-09-16|VEICULAÇÃO|TV CLUBE|
103716|SUPERLIGA 66|MIDIA OUTUBRO|EMP. DE TELEVISÃO JOÃO PESSOA LTDA|5484|1000697|222/2013 ADITIVO- 04|25/05/2015 A 24/11/2015|420157/2015|68088.18|2015-11-19|VEICULAÇÃO|TV TAMBAU|
103902|TAG GROUP|PAINEL FURIAS DA SEREIA|ADESIVO DOIS COMUNICAÇÃO VISUAL LTDA|1001157|1001181|222/2013 ADITIVO- 05|25/05/2015 A 24/11/2016|420176/2015|4910.00|2016-01-19|PRODUÇÃO|ADESIVO 2|
103139|TAG GROUP|EDITAIS MARÇO|JORNAL CORREIO DA PARAIBA LTDA|149236|1001185|222/2013 ADITIVO- 02|25/05/2014 a24/11/2014|420107/2014|320.10|2014-12-03|VEICULAÇÃO|JORNAL CORREIO|
102399|TAG GROUP|FESTIVAL DE MÚSICA CLÁSSICA|RADIO E TELEVISÃO PARAIBANA LTDA|3857|1000276|222/2013|25/11/2013 a 24/05/2014|420292/2013 e 420310/2013|14444.33|2014-01-17|VEICULAÇÃO|TV ARAPUAN|
102523|DABLIU A|NATAL|GRÁFICA JB LTDA|1001607|20167|222/2013|25/11/2013 a 24/05/2014|420294/2013|6727.50|2014-02-06|PRODUÇÃO|GRAFICA JB|
102836|DABLIU A|FOLDER TURISMO INST|GRAFICA SANTA MARTA LTDA|1001121|20488|222/2013 ADITIVO- 02|25/05/2014 a24/11/2014|420106/2014|133067.88|2014-08-11|PRODUÇÃO|GRAFICA SANTA MARTA|
103860|DABLIU A|VEICULAÇÃO NOVEMBRO|MAIS PB PORTAL DE NOTICIAS E COMUNICAÇÃO LTDA|1000390|40714|222/2013 ADITIVO- 04|25/05/2015 A 24/11/2015|420173/2015|19400.00|2015-12-22|VEICULAÇÃO|PORTAL MAIS PB|
102834|DABLIU A|RENATA ARRUDA|RUAN PRODUTORA|20102|20536|222/2013 ADITIVO- 02|25/05/2014 a24/11/2014|420106/2014|11563.25|2014-08-11|PRODUÇÃO|RUAN PRODUTORA|
103079|TAG GROUP|EDITAIS JAN|JORNAL CORREIO DA PARAIBA LTDA|149218|1001170|222/2013 ADITIVO- 02|25/05/2014 a24/11/2014|420107/2014|436.50|2014-12-03|VEICULAÇÃO|JORNAL CORREIO|
103514|TAG GROUP|PMJP|RAD SANHAUA DE BAYEUX LTDA|685|1002280|222/2013 ADITIVO- 04|25/05/2015 A 24/11/2015|420123/2015|19438.80|2015-09-16|VEICULAÇÃO|RADIO SANHAUA|
102616|ART C|CAVARNAL 2014|WSCOM NORDESTE MIDIA LTDA|1000062|9042|222/2013 ADITIVO- 01|25/11/2013 a 24/05/2014|420025/2014 e 420174/2014|97000.00|2014-05-12|VEICULAÇÃO|REVISTA NORDESTE|
103445|TAG GROUP|SAÚDE/INFRAESTRUTURA|TELEVISÃO TAMBAU LTDA|5143|1002161|222/2013 ADITIVO- 04|25/05/2015 A 24/11/2015|420114/2015|4850.00|2015-07-22|VEICULAÇÃO|TV TAMBAÚ|
103236|TAG GROUP|FESTIVAL DE MUSICA CLASSICA 2|SOCIEDADE PARAIBANA DE COMUNICAÇÃO LTDA|4509|1001618|222/2013 ADITIVO- 03|25/11/2014 a24/05/2015|420034/2015|11505.67|2015-02-06|VEICULAÇÃO|TV ARAPUAN|
103039|TAG GROUP|EDITAIS JULHO|EDITORA JORNAL DA PARAIBA LTDA|5241|1001277|222/2013 ADITIVO- 02|25/05/2014 a24/11/2014|420107/2014|582.00|2014-12-03|VEICULAÇÃO|JORNAL DA PARAIBA|
103642|ART&C|ACOMPANHAMENTO|COMVIDEO PRODUÇÕES BROADCAST LTDA|1000032|1000084|222/2013 ADITIVO- 04|25/05/2015 A 24/11/2015|420132/2015|66441.25|2015-10-13|PRODUÇÃO|COMVIDEO|
104568|ART&C|VEICULAÇÃO JULHO|TELEVISAO CABO BRANCO  LTDA|1732|1000353|222/2013 ADITIVO- 08|25/05/2017 A 24/11/2017|420107/2017|9700.00|2017-09-15|VEICULAÇÃO|G1 PARAIBA|
104405|SUPERLIGA 66|PAIXAO DE CRISTO NOS BAIRROS|GRÁFICA JB LTDA|1025065|1001381|222/2013 ADITIVO- 08|25/05/2017 A 24/11/2017|420082/2017|1311.00|2017-06-13|PRODUÇÃO|GRÁFICA JB|
104563|TAG ZAG|IMPRESSÃO DE CARTAZES|EXIBA PUBLICIDADE E PRODUÇÕES GRÁFICAS|1002422|1003559|222/2013 ADITIVO- 08|25/05/2017 A 24/11/2017|420114/2017|2394.88|2017-08-14|PRODUÇÃO|EXIBA|
102527|DABLIU A|NATAL|SISTEMA JC-NET DE COMUNICAÇÃO LTDA|1000000|20182|222/2013|25/11/2013 a 24/05/2014|420294/2013|2304.00|2014-02-06|PRODUÇÃO|SISTEMA JC-NET|
102542|TAG GROUP|FESTIVAL DE MÚSICA CLÁSSICA|GRAFICA JB LTDA|1001492|1000302|222/2013|25/11/2013 a 24/05/2014|420292/2013 e 420310/2013|14812.00|2014-02-06|PRODUÇÃO|GRAFICA JB|
103497|TAG GROUP|PMJP|RADIO AREIA DOURADA LTDA|1002275|849|222/2013 ADITIVO- 04|25/05/2015 A 24/11/2015|420123/2015|9860.05|2015-08-18|VEICULAÇÃO|RADIO CABO BRANCO FM|
102549|SUPER LIGA 66|FESTIVAL ARUANDA|SUPERLIGA 66 COMUNICAÇÃO LTDA|100044|100044|222/2013|25/11/2013 a 24/05/2014|420291/2013|17784.00|2014-04-25|CRIAÇÃO|SUPER LIGA 66|
103546|DABLIU A|ANIVERSARIO|ALEX ROBERIO DA COSTA FILHO ME|1001678|40494|222/2013 ADITIVO- 04|25/05/2015 A 24/11/2015|420133/2015|61051.80|2015-09-25|VEICULAÇÃO|TV MASTER|
103519|TAG GROUP|PMJP/DIVERSOS|PARAIBA DOTE COM INTERNET E COMUNICAÇÃO LTDA|1000031|1002319|222/2013 ADITIVO- 04|25/05/2015 A 24/11/2015|420123/2015|14550.00|2015-09-16|VEICULAÇÃO|PARAIBA DOT|
103226|SUPERLIGA 66|NATAL POPULAR 2014|RADIO FM O NORTE LTDA|6983|1000379|222/2013 ADITIVO- 03|25/11/2014 a24/05/2015|420036/2015|4850.00|2015-03-24|VEICULAÇÃO|RADIO CLUBE FM|
103199|DABLIU A|MAYANA NEYVA 01/02/03|FUNDACAO VINICIOS DA GAMA|2846|21128|222/2013 ADITIVO- 03|25/11/2014 a24/05/2015|420035/2015|2882.70|2015-02-05|VEICULAÇÃO|RADIO MIRARMAR|
102699|ART&C|IPTU|TV CLUBE - RADIO E TELEVISAO O NORTE LTDA|14847|10173|222/2013 ADITIVO- 02|25/05/2014 a24/11/2014|420108/2014|20232.26|2014-06-12|VEICULAÇÃO|TV CLUBE|
104498|ART&C|INSTITUCIONAL|SOCIEDADE PARAIBANA DE COMUNICAÇÃO LTDA|6031|1000309|222/2013 ADITIVO- 08|25/05/2017 A 24/11/2017|420098/2017|34423.66|2017-07-12|VEICULAÇÃO|TV ARAPUAN|
103837|TAG GROUP|FUL BANNER LIMPEZA|TAG GROUP COMUNICAÇÃO LTDA|1002574|1002574|222/2013 ADITIVO- 05|25/05/2015 A 24/11/2016|420176/2015|2279.04|2015-12-18|CRIAÇÃO|TAG ZAG|
103568|DABLIU A|PMJP|EDITORA JORNAL DA PARAIBA LTDA|8632|40482|222/2013 ADITIVO- 04|25/05/2015 A 24/11/2015|420133/2015|84632.50|2015-09-25|VEICULAÇÃO|JORNAL PARAIBA|
102484|SUPER LIGA 66|AVULSOS|GRÁFICA JB LTDA|1001687|100062|222/2013|25/11/2013 a 24/05/2014|420291/2013|1110.00|2014-04-25|PRODUÇÃO|GRAFICA JB|
103055|TAG GROUP|EDITAIS AGOSTO|EDITORA JORNAL DA PARAIBA LTDA|5245|1001260|222/2013 ADITIVO- 02|25/05/2014 a24/11/2014|420107/2014|611.10|2014-12-03|VEICULAÇÃO|JORNAL DA PARAIBA|
104579|ART&C|VEICULAÇÃO JULHO|TELEVISAO TAMBAU LTDA|6969|1000357|222/2013 ADITIVO- 08|25/05/2017 A 24/11/2017|420107/2017|32656.99|2017-09-15|VEICULAÇÃO|TV TAMBAU|
104543|TAG ZAG|BANCO CIDADAO JUNHO|RADIO JORNAL DE JOÃO PESSOA LTDA|14417|1003614|222/2013 ADITIVO- 08|25/05/2017 A 24/11/2017|420114/2017|14535.45|2017-08-14|VEICULAÇÃO|RADIO MIX|
103038|TAG GROUP|EDITAIS JULHO|EDITORA JORNAL DA PARAIBA LTDA|5242|1001276|222/2013 ADITIVO- 02|25/05/2014 a24/11/2014|420107/2014|261.90|2014-12-03|VEICULAÇÃO|JORNAL DA PARAIBA|
102765|ART&C|FIMD DE ANO|TV CABO BRANCO LTDA|28320|10181|222/2013 ADITIVO- 02|25/05/2014 a24/11/2014|420108/2014|91457.42|2014-07-29|VEICULAÇÃO|TV CABO BRANCO|
104672|SUPERLIGA 66|MAIS HABITAÇÃO|RADIO E TELEVISÃO O NORTE|17710|1001536|222/2013 ADITIVO- 08|25/05/2017 A 24/11/2017|420108/2017|34551.40|2017-10-11|VEICULAÇÃO|TV MANAIRA|
104731|TAG ZAG|DIVERSAS CRIAÇÕES DOCUMENTO EM ANEXO|SINDICATO DOS DELEGADOS DE POLICIA FEDERAL|103772|1003772|222/2013 ADITIVO- 08|25/05/2017 A 24/11/2017|420114/2017|108743.20|2017-10-11|CRIAÇÃO|TAG|
103792|DABLIU A|MIDIA NOVEMBRO|SOCIEDADE PARAIBANA DE COMUNICAÇÃO LTDA - EPP|5146|40708|222/2013 ADITIVO- 05|25/05/2015 A 24/11/2016|420175/2015|91742.41|2015-12-18|VEICULAÇÃO|TV ARAPUAN|
104594|ART&C|HABITAÇÃO|PARLAMENTO PB COMUNICAO LTDA|1000296|1000378|222/2013 ADITIVO- 08|25/05/2017 A 24/11/2017|420107/2017|3880.00|2017-09-15|VEICULAÇÃO|PARLAMENTO PB|
104692|TAG ZAG|VEICULAÇÃO PARCELA|RADIO AREIA DOURADA LTDA|2602|1003721|222/2013 ADITIVO- 08|25/05/2017 A 24/11/2017|420114/2017|2910.00|2017-10-11|VEICULAÇÃO|RADIO CABO BRANCO|
104509|SUPERLIGA 66|FESTIVAL JUNHO|ADESIVO DOIS COMUNICAÇÃO VISUAL LTDA|1002296|1001456|222/2013 ADITIVO- 08|25/05/2017 A 24/11/2017|420108/2017|652.05|2017-08-14|PRODUÇÃO|ADESIVO 2|
103845|TAG GROUP|PRODUÇÃO VT LIMPEZA|PULO DO GATO FILMES LTDA-ME|1000292|1002566|222/2013 ADITIVO- 05|25/05/2015 A 24/11/2016|420176/2015|81075.00|2015-12-18|PRODUÇÃO|PULO DO GATO|
103751|DABLIU A|LOCAÇÃO DE 02  BLIMPS INAUGURAÇÃO DO CAMPO WILSÃO|ALFREDO PEREIRA DA SILVA|1000701|40164|222/2013 ADITIVO- 03|25/11/2014 a24/05/2015|420133/2015|7590.00|2015-12-18|PRODUÇÃO|JP BALÕES|
103484|TAG GROUP|PORTAIS SAUDE|TAG GROUP COMUNICAÇÃO LTDA|1002243|1002243|222/2013 ADITIVO- 04|25/05/2015 A 24/11/2015|420123/2015|4842.96|2015-08-14|CRIAÇÃO|TAG ZAG|
102983|DABLIU A|EDITAIS AGOSTO|EDITORA JORNAL DA PARAIBA LTDA|4696|20878|222/2013 ADITIVO- 02|25/05/2014 a24/11/2014|420106/2014|1353.15|2014-12-03|VEICULAÇÃO|JORNAL DA PARAIBA|
103159|SUPERLIGA 66|SAO JOAO 2014|ALFREDO PEREIRA DA SILVA|1000438|1000329|222/2013 ADITIVO- 02|25/05/2014 a24/11/2014|420109/2014|900.00|2014-12-17|PRODUÇÃO|JP BALÕES|
103209|DABLIU A|2 ANOS DE MANDATO|EMPRESA DE TELEVISÃO J. PESSOA|15828|40070|222/2013 ADITIVO- 03|25/11/2014 a24/05/2015|420035/2015|210939.00|2015-03-25|VEICULAÇÃO|TV CORREIO|
103168|TAG GROUP|OBRAS SETEMBRO|REVISTA PORTAL VALENTINA - BRUNO FALCAO CAVALCANTE|10000020|10001525|222/2013 ADITIVO- 02|25/05/2014 a24/11/2014|420107/2014|1940.00|2014-12-17|VEICULAÇÃO|REVISTA PORTAL VALENTINA|
104450|TAG ZAG|VEICULAÇÃO MAIO|REDE LITORANIA DE RADIO LTDA|3954|1003551|222/2013 ADITIVO- 08|25/05/2017 A 24/11/2017|420100/2017|2979.84|2017-07-12|VEICULAÇÃO|RADIO CBN|
103579|DABLIU A|IPTU|TELEVISÃO TAMBAU LTDA|5002|40266|222/2013 ADITIVO- 04|25/05/2015 A 24/11/2015|420133/2015|12422.79|2015-09-25|VEICULAÇÃO|TV TAMBAU|
102570|TAG GROUP|ROTEIROS/EDIÇÃO|TAG GROUP COMUNICAÇÃO LTDA|1000323|1000323|222/2013|25/11/2013 a 24/05/2014|420292/2013 e 420310/2013|103808.00|2014-04-23|CRIAÇÃO|SUPER LIGA 66|
103896|SUPERLIGA 66|07PAIXAO DE CRISTO DIVERSOS BAIRROS|ALFREDO PEREIRA DA SILVA|1001990|1000723|222/2013 ADITIVO- 04|25/05/2015 A 24/11/2015|420174/2015|3247.12|2015-12-30|PRODUÇÃO|JP BALÕES|
104605|SUPERLIGA 66|VT|RADIO E TELEVISÃO O NORTE|17632|1001500|222/2013 ADITIVO- 08|25/05/2017 A 24/11/2017|420108/2017|19109.00|2017-09-15|VEICULAÇÃO|TV MANAIRA|
102319|SUPER LIGA 66|FESTIVAL ARUANDA|EMP. DE TELEVISÃO JOÃO PESSOA LTDA|29213|100067|222/2013|25/11/2013 a 24/05/2014|420291/2013|56632.00|2014-02-28|VEICULAÇÃO|TV CORREIO|
103436|TAG GROUP|PMJP|COMVIDEO PRODUÇÕES BROADCAST LTDA|1000027|1001961|222/2013 ADITIVO- 03|25/11/2014 a24/05/2015|420035/2015|66441.25|2015-07-06|PRODUÇÃO|COMVIDEO|
103030|TAG GROUP|EDITAIS JUNHO|JORNAL CORREIO DA PARAIBA LTDA|153500|1001302|222/2013 ADITIVO- 02|25/05/2014 a24/11/2014|420107/2014|1484.10|2014-12-03|VEICULAÇÃO|JORNAL CORREIO|
103067|TAG GROUP|EDITAIS MARÇO|EDITORA JORNAL DA PARAIBA LTDA|3141|1001220|222/2013 ADITIVO- 02|25/05/2014 a24/11/2014|420107/2014|465.60|2014-12-03|VEICULAÇÃO|JORNAL DA PARAIBA|
102405|SUPER LIGA 66|NATAL POPULAR|RADIO FM O NORTE LTDA|6471|100071|222/2013|25/11/2013 a 24/05/2014|420291/2013|2000.00|2014-01-17|VEICULAÇÃO|RADIO  CLUBE|
103518|TAG GROUP|PMJP|TV CABO BRANCO LTDA|1103|1002320|222/2013 ADITIVO- 04|25/05/2015 A 24/11/2015|420123/2015|14550.00|2015-09-16|VEICULAÇÃO|G1 PARAIBA|
103961|DABLIU A|INSTITUCIONAL|ADESIVO DOIS COMUNICAÇÃO VISUAL LTDA|1000968|40568|222/2013 ADITIVO- 04|25/05/2015 A 24/11/2015|420150/2015|4073.30|2016-04-27|PRODUÇÃO|ADESIVO 2|
102639|SUPERLIGA66|NOVOS RADARES|SUPERLIGA 66 COMUNICAÇÃO LTDA|1000244|1000244|222/2013 ADITIVO- 02|25/05/2014 a24/11/2014|420109/2014|5845.60|2014-07-29|CRIAÇÃO|SUPERLIGA|
103711|SUPERLIGA 66|MIDIA OUTUBRO|TV CABO BRANCO LTDA|32143|1000694|222/2013 ADITIVO- 04|25/05/2015 A 24/11/2015|420157/2015|299605.84|2015-11-19|VEICULAÇÃO|TV CABO BRANCO|
102818|DABLIU A|FOLDER TURISMO NA COPA|GRAFICA JB TLDA|1004625|20544|222/2013 ADITIVO- 02|25/05/2014 a24/11/2014|420106/2014|62100.00|2014-07-29|PRODUÇÃO|GRÁFICA JB|
103650|TAG GROUP|430 ANOS|MC STUDIO LTDA EPP|1002458|3172|222/2013 ADITIVO- 04|25/05/2015 A 24/11/2015|420149/2015|15755.00|2015-10-29|PRODUÇÃO|MC STUDIO|
102483|SUPER LIGA 66|AVULSOS|ADESIVO DOIS COMUNICAÇÃO VISUAL LTDA|100089|100065|222/2013|25/11/2013 a 24/05/2014|420291/2013|1050.00|2014-04-25|PRODUÇÃO|ADESIVO 2|
103173|ART&C|OBRAS SETEMBRO|PB NEW - JOÃO NAILSON DE OLIVEIRA E COSTA|1000068|1000016|222/2013 ADITIVO- 02|25/05/2014 a24/11/2014|420108/2014|4850.00|2014-12-17|VEICULAÇÃO|PB NEWS COMUNICAÇÃO|
103084|TAG GROUP|EDITAIS JAN|JORNAL CORREIO DA PARAIBA LTDA|147332|1001175|222/2013 ADITIVO- 02|25/05/2014 a24/11/2014|420107/2014|698.40|2014-12-03|VEICULAÇÃO|JORNAL CORREIO|
103252|TAG GROUP|FESTIVAL DE MUSICA CLASSICA 2|GRAFICA JB LTDA|1007643|1001632|222/2013 ADITIVO- 03|25/11/2014 a24/05/2015|420034/2015|10327.00|2015-02-06|PRODUÇÃO|GRAFICA JB|
103787|DABLIU A|MIDIA NOVEMBRO|RADIO FM CORREIO DE JOÃO PESSOA LTDA-EPP|16881|40695|222/2013 ADITIVO- 05|25/05/2015 A 24/11/2016|420175/2015|25899.00|2015-12-18|VEICULAÇÃO|RADIO 98 FM|
103920|SUPERLIGA 66|ZIKA VIRUS|SOCIEDADE PARAIBANA DE COMUNICAÇÃO LTDA - EPP|5196|1000806|222/2013 ADITIVO- 05|25/05/2015 A 24/11/2016|420191/2015|110457.00|2016-02-26|VEICULAÇÃO|TV ARAPUAN|
103371|DABLIU A|PLACA DE OBRA|ADESIVO DOIS COMUNICAÇÃO VISUAL LTDA|1000547|21061|222/2013 ADITIVO- 03|25/11/2014 a24/05/2015|420035/2015|5500.00|2015-05-27|PRODUÇÃO|ADESIVO 2|
102442|DABLIU A|NATAL|CLAUDIA MARIA DE CARVALHO|1000025|20144|222/2013|25/11/2013 a 24/05/2014|420294/2013|4000.00|2014-01-17|VEICULAÇÃO|PARL.PB|
103157|DABLIU A|OBRAS|GONÇASVES PORTAL E MIDIA - VIA SUL|1000032|20856|222/2013 ADITIVO- 02|25/05/2014 a24/11/2014|420106/2014|2425.00|2014-11-13|VEICULAÇÃO|PORTAL E MIDIA - VIA SUL|
103601|DABLIU A|ANIVERSARIO|PORTAL PB AGORA SERVIÇOS DE INTERNET E COMUNICAÇÃO -LTDA|1000301|40529|222/2013 ADITIVO- 04|25/05/2015 A 24/11/2015|420133/2015|19400.00|2015-10-08|EXIBIÇÃO|PORTAL PB AGORA|
104220|SUPERLIGA 66|CRIAÇÃO APRESENTAÇÃO POWER POINT|SUPERLIGA 66 COMUNICAÇÃO LTDA|1001281|1001281|222/2013 ADITIVO- 07|25/11/2016 A 24/05/2017|420028/2017|4391.20|2017-03-10|CRIAÇÃO|SUPERLIGA 66|
102987|SUPERLIGA 66|EDITAIS SETEMBRO|EDITORA JORNAL DA PARAIBA LTDA|4915|1000297|222/2013 ADITIVO- 02|25/05/2014 a24/11/2014|420109/2014|407.40|2014-11-13|VEICULAÇÃO|JORNAL DA PARAIBA|
102448|DABLIU A|NATAL|SIDHARTA NEVES DOS SANTOS PEREIRA -ME|100005|20148|222/2013|25/11/2013 a 24/05/2014|420294/2013|5000.00|2014-02-06|VEICULAÇÃO|VITRINE POLITICA|
103536|DABLIU A|LAGOA|TELEVISÃO CABO BRANCO LTDA|980|40386|222/2013 ADITIVO- 03|25/05/2015 A 24/11/2015|420035/2015|4850.00|2015-09-16|VEICULAÇÃO|TV CABO BRANCO|
102991|TAG GROUP|EDITAIS ABRIL|EDITORA JORNAL DA PARAIBA LTDA|5214|1001245|222/2013 ADITIVO- 02|25/05/2014 a24/11/2014|420107/2014|843.90|2014-12-03|VEICULAÇÃO|JORNAL DA PARAIBA|
103877|DABLIU A|FESTIVAL DE MUSICA CLASSICA|RADIO SOL MAIOR LTDA|500|40771|222/2013 ADITIVO- 04|25/05/2015 A 24/11/2015|420175/2015|533.50|2015-12-28|VEICULAÇÃO|RADIO NOVA TAMBAU|
103031|TAG GROUP|EDITAIS JUNHO|JORNAL CORREIO DA PARAIBA LTDA|153501|1001298|222/2013 ADITIVO- 02|25/05/2014 a24/11/2014|420107/2014|501.98|2014-12-03|VEICULAÇÃO|JORNAL CORREIO|
102716|SUPERLIGA 66|ANIVERSARIO DE MANGABEIRA|SUPERLIGA 66 COMUNICAÇÃO LTDA|1000241|1000241|222/2013 ADITIVO- 02|25/05/2014 a24/11/2014|420109/2014|2210.40|2014-07-29|CRIAÇÃO|SUPERLIGA|
102846|TAG GROUP|TURISMO|B2 FILMES|73|1000964|222/2013 ADITIVO- 02|25/05/2014 a24/11/2014|420107/2014|71012.50|2014-08-11|PRODUÇÃO|B2 FILMES|
104056|SUPERLIGA 66|NATAL E ANO NOVO|RICARDO TADEU FEITOSA BEZERRA|1001479|1001168|222/2013 ADITIVO- 06|25/05/2015 A 24/11/2016|420101/2016|4850.00|2016-11-25|VEICULAÇÃO|CORREIO FORENSE|
103759|DABLIU A|PRODUÇÃO DE FAIXA|PERSONNALITE - RUTHE SILVA DE FREITAS -ME|214|40312|222/2013 ADITIVO- 03|25/11/2014 a24/05/2015|420035/2015|299.00|2015-12-18|PRODUÇÃO|PERSONALITE|
104438|ART&C|VEICULAÇÃO ABRIL|FABRICA DE EVENTOS E PROMOÇOES LTDA|1000370|1000284|222/2013 ADITIVO- 08|25/05/2017 A 24/11/2017|420078/2017|4850.00|2017-06-13|VEICULAÇÃO|BLOG GERARDO RABELO|
104559|TAG ZAG|SAUDE|MC STUDIO LTDA|3997|1003631|222/2013 ADITIVO- 08|25/05/2017 A 24/11/2017|420114/2017|4140.00|2017-08-14|PRODUÇÃO|MUZAK|
102751|ART&C|OBRAS MAIO|RADIO SANHAUA DE BAYEUX LTDA|1000108|10247|222/2013 ADITIVO- 02|25/05/2014 a24/11/2014|420108/2014|11349.00|2014-06-18|VEICULAÇÃO|RADIO SANHAUA|
102638|SUPERLIGA66|NOVOS RADARES|PRATICA ETIQUETAS LTDA - ME|1000982|1000226|222/2013 ADITIVO- 02|25/05/2014 a24/11/2014|420109/2014|14700.00|2014-08-11|PRODUÇÃO|PRÁTICA|
102646|SUPERLIGA66|ORÇAMENTO PARTICIPATIVO|AUDIOLA|606|1000259|222/2013 ADITIVO- 02|25/05/2014 a24/11/2014|420109/2014|2500.00|2014-07-29|PRODUÇÃO|AUDIOLA|
102516|ART C|INSTITUCI, NARRATIVO|GINGA|376|9224|222/2013|25/11/2013 a 24/05/2014|420293/2013|189000.00|2014-03-31|PRODUÇÃO|GINGA|
103612|TAG GROUP|PMJP|RODEMIQUE GALDINO GOMES|1000016|1002292|222/2013 ADITIVO- 04|25/05/2015 A 24/11/2015|420123/2015|970.00|2015-10-08|EXIBIÇÃO|JORNAL DA PRAIA|
102665|SUPERLIGA66|NOVOS RADARES|CNB - CENTRAL DE NOTICIAS BRASILEIRAS LTDA - ME|478|1000206|222/2013 ADITIVO- 02|25/05/2014 a24/11/2014|420109/2014|5587.20|2014-07-29|VEICULAÇÃO|RCTV|
103158|SUPERLIGA 66|CREI MANGABEIRA|RUTHE SILVA DE FREITAS -ME|153|1000306|222/2013 ADITIVO- 02|25/05/2014 a24/11/2014|420109/2014|520.00|2014-11-13|PRODUÇÃO|PERSONNALITE|
102339|DABLIU A|NATAL|JORNAL CORREIO DA PARAIBA LTDA|147101|20178|222/2013|25/11/2013 a 24/05/2014|420294/2013|12000.00|2014-02-28|VEICULAÇÃO|PORTAL COR|
104703|TAG ZAG|JOAO PESSOA 432 ANOS|EMPRESA DE TELEVISÃO JOÃO PESSOA LTDA|35995|1003727|222/2013 ADITIVO- 08|25/05/2017 A 24/11/2017|420114/2017|38307.24|2017-10-11|VEICULAÇÃO|TV CORREIO|
103080|TAG GROUP|EDITAIS JAN|JORNAL CORREIO DA PARAIBA LTDA|149217|1001171|222/2013 ADITIVO- 02|25/05/2014 a24/11/2014|420107/2014|305.55|2014-12-03|VEICULAÇÃO|JORNAL CORREIO|
102870|TAG GROUP|BALANÇO|TAG GROUP COMUNICAÇÃO LTDA|1000953|1000953|222/2013 ADITIVO- 02|25/05/2014 a24/11/2014|420107/2014|43153.60|2014-08-11|CRIAÇÃO|TAG ZAG|
104246|TAG GROUP|VEICULAÇÃO JANEIRO|REDE LITORANIA DE RADIO LTDA|3453|1003322|222/2013 ADITIVO- 07|25/11/2016 A 24/05/2017|420027/2017|9684.48|2017-03-10|VEICULAÇÃO|RADIO CBN|
104419|SUPERLIGA 66|VEICULAÇÃO ABRIL|M R COMUNICAÇÃO E CONTABILIDADE LTDA|1000204|1001390|222/2013 ADITIVO- 08|25/05/2017 A 24/11/2017|420082/2017|4850.00|2017-06-13|VEICULAÇÃO|REVISTA TRIBUNA|
103933|SUPERLIGA 66|NATAL E ANO NOVO|MARIANO E CARDOSO LTDA|608|1000841|222/2013 ADITIVO- 05|25/05/2015 A 24/11/2016|420191/2015|9700.00|2016-04-05|VEICULAÇÃO|POLEMICA|
104460|TAG ZAG|BANCO CIDADAO|EMPRESA DE TELEVISÃO JOÃO PESSOA LTDA|35595|1003546|222/2013 ADITIVO- 08|25/05/2017 A 24/11/2017|420100/2017|36994.83|2017-07-12|VEICULAÇÃO|TV CORREIO|
102848|TAG GROUP|MOBILIDADE/TURISMO/EVENTO/SAUDE|EXPRESSE|100050|1000939|222/2013 ADITIVO- 02|25/05/2014 a24/11/2014|420107/2014|14260.00|2014-08-11|PRODUÇÃO|EXPRESSE|
102376|SUPER LIGA 66|NATAL POPULAR|SISTEMA TAMBAU DE COMUNICAÇÃO LTDA|6791|100055|222/2013|25/11/2013 a 24/05/2014|420291/2013|1800.00|2014-01-17|VEICULAÇÃO|RAD ARAPUAN|
102982|DABLIU A|EDITAIS AGOSTO|EDITORA JORNAL DA PARAIBA LTDA|4725|20879|222/2013 ADITIVO- 02|25/05/2014 a24/11/2014|420106/2014|276.45|2014-12-03|VEICULAÇÃO|JORNAL DA PARAIBA|
102495|SUPER LIGA 66|CONF DEFESA CIVIL|ADESIVO DOIS COMUNICAÇÃO VISUAL LTDA|100177|1000143|222/2013|25/11/2013 a 24/05/2014|420291/2013|4564.00|2014-04-25|PRODUÇÃO|ADESIVO 2|
104452|TAG ZAG|VEICULAÇÃO MAIO|RADIO FM CORREIO DE JOAO PESSOA LTDA|18268|1003547|222/2013 ADITIVO- 08|25/05/2017 A 24/11/2017|420100/2017|5150.70|2017-07-12|VEICULAÇÃO|RADIO 98 CORREIO FM|
104523|SUPERLIGA 66|PRODUÇÃO DE 39 CARTAZES|EXIBA PUBLICIDADE E PRODUÇÕES GRAFICAS LTDA|1002386|1001401|222/2013 ADITIVO- 08|25/05/2017 A 24/11/2017|420108/2017|13650.00|2017-08-14|PRODUÇÃO|EBIBA OUTDOOR|
103625|SUPERLIGA 66|MULTIRÃO FISCAL|EMPRESA DE TELEVISÃO JOAO PESSOA LTDA|32488|1000636|222/2013 ADITIVO- 03|25/11/2014 a24/05/2015|420036/2015|20981.10|2015-10-16|EXIBIÇÃO|TV CORREIO|
103804|SUPERLIGA 66|TRANSPARENCIA NOVEMBRO|RADIO JORNAL DE JOÃO PESSOA LTDA-EPP|12891|1000743|222/2013 ADITIVO- 05|25/05/2015 A 24/11/2016|420174/2015|4966.40|2015-12-18|VEICULAÇÃO|RADIO MIX|
104334|TAG ZAG|VEICULAÇÃO MARÇO SAUDE|EMPRESA DE TELEVISÃO JOÃO PESSOA LTDA|35321|1003443|222/2013 ADITIVO- 07|25/11/2016 A 24/05/2017|420061/2017|43963.31|2017-05-10|VEICULAÇÃO|TV CORREIO|
104147|TAG ZAG|OLHAR AO LADO|TELEVISÃO CABO BRANCO LTDA|34173|1003275|222/2013 ADITIVO- 07|25/11/2017 A 24/05/2017|420011/2017|178059.99|2017-02-10|VEICULAÇÃO|TV CABO BRANCO|
103107|TAG GROUP|EDITAIS FEVEREIRO|EDITORA JORNAL DA PARAIBA LTDA|2911|1001225|222/2013 ADITIVO- 02|25/05/2014 a24/11/2014|420107/2014|407.40|2014-12-03|VEICULAÇÃO|JORNAL DA PARAIBA|
104231|SUPERLIGA 66|ORÇAMENTO PARTICIPATIVO|ADESIVO DOIS COMUNICAÇÃO LTDA|1002030|1001294|222/2013 ADITIVO- 07|25/11/2016 A 24/05/2017|420028/2017|747.50|2017-03-10|PRODUÇÃO|ADESIVO DOIS|
102650|SUPERLIGA66|CINEPORT|GRAFICA JB TLDA|1003432|1000186|222/2013 ADITIVO- 02|25/05/2014 a24/11/2014|420109/2014|35600.00|2014-06-16|PRODUÇÃO|GRÁFICA JB|
104358|ART&C|SAUDE|RADIO E TELEVISÃO PARAIBANA LTDA|8615|1000269|222/2013 ADITIVO- 07|25/11/2016 A 24/05/2017|420065/2017|7129.50|2017-05-10|VEICULAÇÃO|RADIO ARAPUAN|
104201|SUPERLIGA 66|JOAO PESSOA ARTESA|KLK INDUSTRIA E INDUSTRIA E COMERCIO LDTA|6135|1001241|222/2013 ADITIVO- 07|25/11/2017 A 24/05/2017|420011/2017|2932.50|2017-02-10|PRODUDAÇÃO|MASTER TRANFER|
103471|TAG GROUP|SAUDE/INFR|POLITICAPB SERVIÇOS DE INTERNET E COM. LTDA|1000169|1002164|222/2013 ADITIVO- 04|25/05/2015 A 24/11/2015|420114/2015|19400.00|2015-07-29|VEICULAÇÃO|BLOG DO GORDINHO|
103101|TAG GROUP|EDITAIS FEVEREIRO|JORNAL CORREIO DA PARAIBA LTDA|149224|1001236|222/2013 ADITIVO- 02|25/05/2014 a24/11/2014|420107/2014|785.70|2014-12-03|VEICULAÇÃO|JORNAL CORREIO|
104517|SUPERLIGA 66|FAIXAS LONAS FESTIVAL BABA BABY|ADESIVO DOIS COMUNICAÇÃO VISUAL LTDA|1002291|1001460|222/2013 ADITIVO- 08|25/05/2017 A 24/11/2017|420108/2017|491.40|2017-08-14|PRODUÇÃO|ADESIVO 2|
102936|DABLIU A|ANIVERSARIO DE JOAO PESSOA|PORTAL CORREIO FORENSE|1000042|20711|222/2013 ADITIVO- 02|25/05/2014 a24/11/2014|420106/2014|4850.00|2014-09-30|VEICULAÇÃO|PORTAL CORREIO FORENSE|
103789|DABLIU A|MIDIA NOVEMBRO|JORNAL CORREIO DA PARAIBA LTDA|1632283|40724|222/2013 ADITIVO- 05|25/05/2015 A 24/11/2016|420175/2015|14550.00|2015-12-18|VEICULAÇÃO|PORTAL CORREIO|
103722|ART&C|MIDIA OUTUBRO|RADIO E TELEVISAO PARAIBANA LTDA|4880|1000119|222/2013 ADITIVO- 04|25/05/2015 A 24/11/2015|420161/2015|22319.70|2015-11-19|VEICULAÇÃO|RADIO ARAPUAN FM|
103239|TAG GROUP|FESTIVAL DE MUSICA CLASSICA 2|CLASSICOS EDITORIAL LTDA|667|1001630|222/2013 ADITIVO- 03|25/11/2014 a24/05/2015|420034/2015|7881.25|2015-02-06|VEICULAÇÃO|REVISTA CONCERTO|
102547|SUPER LIGA 66|SUPER LIGA 66|SUPERLIGA 66 COMUNICAÇÃO LTDA|100045|100045|222/2013|25/11/2013 a 24/05/2014|420291/2013|25146.00|2014-04-25|CRIAÇÃO|SUPER LIGA 66|
104076|DABLIU A|ANIVERSARIO|ADESIVO DOIS COMUNICAÇÃO VISUAL LTDA|1001080|40668|222/2013 ADITIVO- 06|25/05/2015 A 24/11/2016|420103/2016|86.25|2016-11-25|PRODUÇÃO|ADESIVO DOIS|
104394|TAG ZAG|VEICULAÇÃO ABRIL|EMPRESA DE TELEVISÃO JOÃO PESSOA LTDA|35429|1003482|222/2013 ADITIVO- 08|25/05/2017 A 24/11/2017|420075/2017|45367.87|2017-06-13|vEICULAÇÃO|TV CORREIO|
103671|TAG GROUP|PRODUÇÕES DE AUDIO|MC STUDIO LTDA EPP|3197|1002487|222/2013 ADITIVO- 04|25/05/2015 A 24/11/2015|420109/2015|19090.00|2015-11-13|PRODUÇÃO|MC STUDIO|
102540|TAG GROUP|FESTIVAL DE MÚSICA CLÁSSICA|GRAFICA JB LTDA|1001490|1000300|222/2013|25/11/2013 a 24/05/2014|420292/2013 e 420310/2013|78545.00|2014-02-06|PRODUÇÃO|GRAFICA JB|
102945|DABLIU A|ANIVERSARIO DE JOAO PESSOA|GRAFICA JB TLDA|1005342|20643|222/2013 ADITIVO- 02|25/05/2014 a24/11/2014|420106/2014|18975.00|2014-10-13|PRODUÇÃO|GRÁFICA JB|
103820|TAG GROUP|EDITAL 2014|JORNAL DA PARAIBA - EDITORA JORNAL DA PARAIBA LTDA|5235|1001283|222/2013 ADITIVO- 04|25/05/2015 A 24/11/2015|420036/2015|611.10|2015-12-18|VEICULAÇÃO|JORNAL DA PARAIBA|
102521|DABLIU A|NATAL|EXIBA PUBL. E PROD. GRAFICAS LTDA|1000329|20151|222/2013|25/11/2013 a 24/05/2014|420294/2013|5635.00|2014-04-23|PRODUÇÃO|EXIBA OUTDOOR|
104126|TAG GROUP|FESTIVAL DE MÚSICA CLÁSSICA|TELEVISAO PARAIBA LTDA|18415|1003158|222/2013 ADITIVO- 06|25/05/2015 A 24/11/2016|420109/2016|22441.92|2016-12-21|VEICULAÇÃO|TV PARAÍBA|
104289|ART&C|VEICULAÇÃO FEVEREIRO|PARLAMENTO PB COMUNICAÇÃO LTDA|1000264|1000239|222/2013 ADITIVO- 07|25/11/2016 A 24/05/2017|420048/2017|3880.00|2017-04-10|VEICULAÇÃO|PORTAL PARLAMENTO|
102905|DABLIU A|ANIVERSARIO DE JOAO PESSOA|PORTAL CORREIO|152825|20663|222/2013 ADITIVO- 02|25/05/2014 a24/11/2014|420106/2014|13580.00|2014-10-02|VEICULAÇÃO|PORTAL CORREIO|
104142|TAG GROUP|MÍDIA NOVEMBRO|VICTOR CASTRO DORIA DE ALMEIDA - ME|1000890|1003140|222/2013 ADITIVO- 06|25/05/2015 A 24/11/2016|420109/2016|5820.00|2016-12-21|VEICULAÇÃO|REVISTA EDIFICAR|
104453|TAG ZAG|CIDADE SUSTENTAVEL|TELEVISAO CABO BRANCO LTDA|35020|1003541|222/2013 ADITIVO- 08|25/05/2017 A 24/11/2017|420100/2017|35212.94|2017-07-12|VEICULAÇÃO|TV CABO BRANCO GLOBO|
102575|TAG GROUP|BALANÇO|REDE LITORANEA DE RADIO LTDA|1586|1000670|222/2013 ADITIVO- 01|25/11/2013 a 24/05/2014|420000/2014|2520.00|2014-04-25|VEICULAÇÃO|RADIO CABO BRANCO FM|
104219|ART&C|TRANPARENCIA/EDUCAÇÃO|FABRICA DE EVENTOS E PROMOÇOES LTDA|1000335|1000197|222/2013 ADITIVO- 07|25/11/2016 A 24/05/2017|420030/2017|4850.00|2017-03-10|VEICULAÇÃO|BLOG GERARDO RABELO|
102864|DABLIU A|DIA DO TRABALHO|EDITORA JORNAL DA PARAIBA LTDA|3287|20882|222/2013 ADITIVO- 02|25/05/2014 a24/11/2014|420106/2014|6790.00|2014-12-03|VEICULAÇÃO|JORNAL DA PARAIBA|
103812|TAG GROUP|EDITAL 2014|JORNAL DA PARAIBA - EDITORA JORNAL DA PARAIBA LTDA|5248|1001281|222/2013 ADITIVO- 04|25/05/2015 A 24/11/2015|420036/2015|2298.90|2015-12-18|VEICULAÇÃO|JORNAL DA PARAIBA|
104652|ART&C|VEICULAÇÃO AGOSTO|AY SERVIÇOS DE AGENCIAMENTO DE NOTICIAS LTDA|1000338|1000427|222/2013 ADITIVO- 08|25/05/2017 A 24/11/2017|420107/2017|4850.00|2017-10-11|VEICULAÇÃO|BLOG POLEMICA|
102581|TAG GROUP|BALANÇO|RADIO FM CORREIO DE JOAO PESSOA LTDA EPP|15139|1000674|222/2013 ADITIVO- 01|25/11/2013 a 24/05/2014|420000/2014|6880.00|2014-04-25|VEICULAÇÃO|RADIO 98 FM|
103707|SUPERLIGA 66|MIDIA OUTUBRO|RADIO E TELEVISÃO O NORTE LTDA|7287|1000686|222/2013 ADITIVO- 04|25/05/2015 A 24/11/2015|420036/2015|3026.40|2015-11-19|VEICULAÇÃO|RADIO CLUBE FM|
103283|DABLIU A|IPTU|RADIO FM CORREIO DE JOAO PESSOA LTDA EPP|16252|40238|222/2013 ADITIVO- 03|25/11/2014 a24/05/2015|420035/2015|29100.00|2015-04-30|VEICULAÇÃO|RADIO 98 FM|
102874|TAG GROUP|BALANÇO|TAG GROUP COMUNICAÇÃO LTDA|1000956|1000956|222/2013 ADITIVO- 02|25/05/2014 a24/11/2014|420107/2014|15244.80|2014-08-11|CRIAÇÃO|TAG ZAG|
102343|TAG GROUP|FESTIVAL DE MÚSICA CLÁSSICA|JORNAL CORREIO DA PARAIBA LTDA|145651|1000290|222/2013|25/11/2013 a 24/05/2014|420292/2013 e 420310/2013|8245.00|2014-02-28|VEICULAÇÃO|JORNAL CORREIO|
103454|TAG GROUP|PMJP|RADIO JORNAL DE JOÃO PESSOA LTDA- EPP|12542|1002180|222/2013 ADITIVO- 04|25/05/2015 A 24/11/2015|420114/2015|20952.00|2015-07-23|VEICULAÇÃO|RADIO MIX|
104492|ART&C|QUALIDADE|RADIO E TELEVISAO PARAIBANA LTDA|8725|1000311|222/2013 ADITIVO- 08|25/05/2017 A 24/11/2017|420098/2017|2910.00|2017-07-12|VEICULAÇÃO|RADIO ARAPUAN|
103605|DABLIU A|VACINAÇÃO|ERICA LIZANCA FREIRE TRINDADE - ME|1000382|40515|222/2013 ADITIVO- 04|25/05/2015 A 24/11/2015|420133/2015|5025.50|2015-10-08|PRODUÇÃO|MIDIA IMAGEM|
103882|SUPERLIGA 66|01 - COLEGIO CHICO CHAVIER|ALFREDO PEREIRA DA SILVA|1000983|1000709|222/2013 ADITIVO- 04|25/05/2015 A 24/11/2015|420174/2015|405.89|2015-12-30|PRODUÇÃO|JP BALÕES|
103194|DABLIU A|NOVA CIDADE, OBRAS E CREI|DABLIU A AGENCIA DE P. LTDA|21037|21037|222/2013 ADITIVO- 03|25/11/2014 a24/05/2015|420035/2015|9076.80|2015-02-05|CRIAÇÃO|DABLIU A|
103266|TAG GROUP|IPTU - ABRIL|POLITICAPB SERVIÇOS DE INTERNET E COM. LTDA|1000128|1001893|222/2013 ADITIVO- 03|25/11/2014 a24/05/2015|420034/2015|9700.00|2015-03-24|VEICULAÇÃO|BLOG DO GORDINHO|
104613|TAG ZAG|VEICULAÇÃO JULHO|EMPRESA DE TELEVISÃO JOÃO PESSOA LTDA|35905|1003677|222/2013 ADITIVO- 08|25/05/2017 A 24/11/2017|420114/2017|29100.00|2017-09-15|VEICULAÇÃO|TV CORREIO|
104710|TAG ZAG|MAIS HABITAÇÃO|RADIO JORNAL DE JOÃO PESSOA LTDA|14575|1003737|222/2013 ADITIVO- 08|25/05/2017 A 24/11/2017|420114/2017|8721.27|2017-10-11|VEICULAÇÃO|RADIO MIX|
102524|DABLIU A|NATAL|GRÁFICA JB LTDA|1001605|20164|222/2013|25/11/2013 a 24/05/2014|420294/2013|3306.25|2014-02-06|PRODUÇÃO|GRAFICA JB|
103472|TAG GROUP|BANNER HAB/ED.|S1 COMUNICAÇÃO LTDA-ME|1000024|1002068|222/2013 ADITIVO- 03|25/11/2014 a24/05/2015|420103/2015|9700.00|2015-07-29|VEICULAÇÃO|PORTAL S1|
104617|TAG ZAG|VEICULAÇÃO JULHO|EMPRESA DE TELEVISÃO JOÃO PESSOA LTDA|35910|1003673|222/2013 ADITIVO- 08|25/05/2017 A 24/11/2017|420114/2017|19808.37|2017-09-15|VEICULAÇÃO|TV CORREIO|
102993|TAG GROUP|EDITAIS ABRIL|JORNAL CORREIO DA PARAIBA LTDA|153476|1001301|222/2013 ADITIVO- 02|25/05/2014 a24/11/2014|420107/2014|458.33|2014-12-03|VEICULAÇÃO|JORNAL CORREIO|
103190|DABLIU A|CREI GEISEL|DABLIU A AGENCIA DE P. LTDA|21018|21018|222/2013 ADITIVO- 03|25/11/2014 a24/05/2015|420035/2015|1485.60|2015-01-14|CRIAÇÃO|DABLIU A|
103894|SUPERLIGA 66|PRACA INDEPENDENCIA|ALFREDO PEREIRA DA SILVA|1000991|1000721|222/2013 ADITIVO- 04|25/05/2015 A 24/11/2015|420174/2015|811.78|2015-12-30|PRODUÇÃO|JP BALÕES|
103205|DABLIU A|NOVA CIDADE, OBRAS E CREI|VLADIMIR ANDRE GALDINO GALIZA-ME|1000085|21040|222/2013 ADITIVO- 03|25/11/2014 a24/05/2015|420035/2015|152928.08|2015-02-05|PRODUÇÃO|CORDEL FILMES|
102366|TAG GROUP|FESTIVAL DE MÚSICA CLÁSSICA|TELEVISÃO TAMBAU LTDA.|3575|1000291|222/2013|25/11/2013 a 24/05/2014|420292/2013 e 420310/2013|22618.46|2014-01-17|VEICULAÇÃO|TV TAMBAU|
103314|DABLIU A|SÃO JOÃO/2014 -JURADOS|ADESIVO DOIS COMUNICAÇÃO VISUAL LTDA|1000682|40136|222/2013 ADITIVO- 03|25/11/2014 a24/05/2015|420035/2015|4347.00|2015-05-05|PRODUÇÃO|ADESIVO 2|
104433|ART&C|VEICULAÇÃO ABRIL|SOCIEDADE PARAIBANA DE COMUNICAÇÃO LTDA|5988|1000289|222/2013 ADITIVO- 08|25/05/2017 A 24/11/2017|420078/2017|43763.49|2017-06-13|VEICULAÇÃO|TV ARAPUAN|
102378|SUPER LIGA 66|NATAL POPULAR|RADIO E TELEVISÃO PARAIBANA LTDA|3653|100055|222/2013|25/11/2013 a 24/05/2014|420291/2013|1800.00|2014-04-22|VEICULAÇÃO|RAD SUCESSO|
104398|SUPERLIGA 66|CRIAÇÃO NEWLETTER PMJP|SUPERLIGA 66 SERVIÇOS LTDA|1001380|1001380|222/2013 ADITIVO- 08|25/05/2017 A 24/11/2017|420082/2017|3814.40|2017-06-13|CRIAÇÃO|SUPERLIGA 66|
103511|TAG GROUP|SAUDE/INFR|AY SERVIÇOS DE AGENCIAMENTO|1000012|1002337|222/2013 ADITIVO- 04|25/05/2015 A 24/11/2015|420123/2015|4850.00|2015-08-21|VEICULAÇÃO|PORTAL POLEMICA PARAIBA|
102536|TAG GROUP|FESTIVAL DE MÚSICA CLÁSSICA|MULTCOR IMPRESSÃO DIGITAL LTDA-ME|100064|1000305|222/2013|25/11/2013 a 24/05/2014|420292/2013 e 420310/2013|11833.50|2014-04-23|PRODUÇÃO|MULTICOR|
103140|TAG GROUP|EDITAIS MARÇO|JORNAL CORREIO DA PARAIBA LTDA|149241|1001184|222/2013 ADITIVO- 02|25/05/2014 a24/11/2014|420107/2014|2837.25|2014-12-03|VEICULAÇÃO|JORNAL CORREIO|
104122|TAG GROUP|FESTIVAL DE MÚSICA CLÁSSICA|TELEVISAO CABO BRANCO|34083|1003147|222/2013 ADITIVO- 06|25/05/2015 A 24/11/2016|420109/2016|55916.62|2016-12-21|VEICULAÇÃO|TV CABO BRANCO|
102583|TAG GROUP|BALANÇO|JORNAL CORREIO DA PARAIBA LTDA|150449|1000694|222/2013 ADITIVO- 01|25/11/2013 a 24/05/2014|420000/2014|30000.00|2014-04-25|VEICULAÇÃO|JORNAL CORREIO|
102344|TAG GROUP|FESTIVAL DE MÚSICA CLÁSSICA|JORNAL CORREIO DA PARAIBA LTDA|146594|1000317|222/2013|25/11/2013 a 24/05/2014|420292/2013 e 420310/2013|4365.00|2014-02-28|VEICULAÇÃO|JORNAL CORREIO|
102348|TAG GROUP|FESTIVAL DE MÚSICA CLÁSSICA|JORNAL CORREIO DA PARAIBA LTDA|145096|1000319|222/2013|25/11/2013 a 24/05/2014|420292/2013 e 420310/2013|46560.00|2014-02-28|VEICULAÇÃO|JORNAL CORREIO|
102435|ART C|IPTU|MR COMUNICAÇÃO E CONTABILIDADE LTDA|1000035|9156|222/2013|25/11/2013 a 24/05/2014|420293/2013|4850.00|2014-04-23|VEICULAÇÃO|REVISTA TRIBUNA|
102813|ART&C|GUIA ABRASEL|ABRASEL PB|1000013|10548|222/2013 ADITIVO- 02|25/05/2014 a24/11/2014|420108/2014|48500.00|2014-07-29|VEICULAÇÃO|ABRASEL PB|
104428|ART&C|VEICULAÇÃO ABRIL|SOCIEDADE PARAIBANA DE COMUNICAÇÃO LTDA|5974|1000280|222/2013 ADITIVO- 08|25/05/2017 A 24/11/2017|420078/2017|50683.47|2017-06-13|VEICULAÇÃO|TV ARAPUAN|
103396|TAG GROUP|FEIRA MUNICIPAL DO TRABALHADOR|GRAFICA JB LTDA|1010134|1002023|222/2013 ADITIVO- 03|25/11/2014 a24/05/2015|420034/2015|13023.75|2015-05-26|PRODUÇÃO|GRAFICA JB|
102963|DABLIU A|ANIVERSARIO DE JOAO PESSOA|DABLIU A AGENCIA DE PUBLICIDADE LTDA|20681|20681|222/2013 ADITIVO- 02|25/05/2014 a24/11/2014|420106/2014|3709.60|2014-09-17|CRIAÇÃO|DABLIU A|
103840|TAG GROUP|CRIAÇÃO CAMPANHA SAUDE|TAG GROUP COMUNICAÇÃO LTDA|1002195|1002195|222/2013 ADITIVO- 05|25/05/2015 A 24/11/2016|420176/2015|3036.00|2015-12-18|CRIAÇÃO|TAG ZAG|
102776|ART&C|OBRAS MAIO|RAD CPAD|1000067|10551|222/2013 ADITIVO- 02|25/05/2014 a24/11/2014|420108/2014|4670.55|2014-08-22|VEICULAÇÃO|RADIO CPAD|
102642|SUPERLIGA66|EXP. MULHERES CIDADE SUSTENTAVEL|ALFREDO PEREIRA DA SILVA|1000322|1000167|222/2013 ADITIVO- 02|25/05/2014 a24/11/2014|420109/2014|600.00|2014-12-17|PRODUÇÃO|JP BALÕES|
103633|DABLIU A|MIDIA SETEMBRO|APCB-ASSOC.P/O PROGRESSO DAS COMUNIDADES|1000066|40634|222/2013 ADITIVO- 04|25/05/2015 A 24/11/2015|420150/2015|9700.00|2015-10-22|EXIBIÇÃO|PORTAL MAIS PB|
104657|ART&C|HABITAÇÃO|RAINHA PUBLICIDADE E PROPAGANDA|40640|1000420|222/2013 ADITIVO- 08|25/05/2017 A 24/11/2017|420107/2017|3880.00|2017-10-11|VEICULAÇÃO|PORTAL PARAIBA ONLINE|
103752|DABLIU A|LOCAÇÃO DE 04  BLIMPS EXTREMO CULTURALN 2015|ALFREDO PEREIRA DA SILVA|1000075|40147|222/2013 ADITIVO- 03|25/11/2014 a24/05/2015|420133/2015|5750.00|2015-12-18|PRODUÇÃO|JP BALÕES|
103578|DABLIU A|FOLIA DE RUA|EMPRESA DE TELEVISÃO JOAO PESSOA LTDA|32489|40475|222/2013 ADITIVO- 04|25/05/2015 A 24/11/2015|420133/2015|108735.78|2015-09-25|VEICULAÇÃO|TV CORREIO|
104400|SUPERLIGA 66|ANIVERSARIO DE MANGABEIRO|ALFREDO PEREIRA DA SILVA|1001499|1001403|222/2013 ADITIVO- 08|25/05/2017 A 24/11/2017|420082/2017|933.56|2017-06-13|PRODUÇÃO|JP BALÕES|
102786|ART&C|OBRAS ABRIL|EMPRESA DE TELEVISÃO JOAO PESSOA LTDA|29896|10497|222/2013 ADITIVO- 02|25/05/2014 a24/11/2014|420108/2014|29789.67|2014-07-29|VEICULAÇÃO|TV CORREIO|
103790|DABLIU A|MIDIA NOVEMBRO|JORNAL CORREIO DA PARAIBA LTDA|32970|40723|222/2013 ADITIVO- 05|25/05/2015 A 24/11/2016|420175/2015|133400.22|2015-12-18|VEICULAÇÃO|TV CORREIO|
102766|ART&C|OBRAS MAIO|RADIO SOL MAIOR|4291|10297|222/2013 ADITIVO- 02|25/05/2014 a24/11/2014|420108/2014|12761.32|2014-07-29|VEICULAÇÃO|RADIO NOVA TAMBAU|
103221|SUPERLIGA 66|NATAL POPULAR 2014|RADIO FM CORREIO DE JOAO PESSOA LTDA|16243|1000374|222/2013 ADITIVO- 03|25/11/2014 a24/05/2015|420036/2015|3980.88|2015-03-24|VEICULAÇÃO|RADIO 98 FM|
102419|SUPER LIGA 66|JOÃO PESSOA ARTESÃ|ALEX ROBERIO DA COSTA FILHO -ME|100291|100053|222/2013|25/11/2013 a 24/05/2014|420291/2013|6030.00|2014-01-17|VEICULAÇÃO|TV MASTER|
103706|DABLIU A|MIDIA OUTUBRO|RADIO E TELEVISÃO O NORTE LTDA|7370|40662|222/2013 ADITIVO- 04|25/05/2015 A 24/11/2015|420159/2015|3026.40|2015-11-19|VEICULAÇÃO|RADIO CLUBE FM|
103235|TAG GROUP|FESTIVAL DE MUSICA CLASSICA 2|ALEX ROBERIO DA COSTA FILHO ME|1001135|1001620|222/2013 ADITIVO- 03|25/11/2014 a24/05/2015|420034/2015|11746.70|2015-02-06|VEICULAÇÃO|TV MASTER|
103092|TAG GROUP|EDITAIS JAN|EDITORA JORNAL DA PARAIBA LTDA|1633|1001196|222/2013 ADITIVO- 02|25/05/2014 a24/11/2014|420107/2014|727.50|2014-12-03|VEICULAÇÃO|JORNAL DA PARAIBA|
104432|ART&C|VEICULAÇÃO ABRIL|TELEVISAO TAMBAU LTDA|6773|1000291|222/2013 ADITIVO- 08|25/05/2017 A 24/11/2017|420078/2017|43624.78|2017-06-13|VEICULAÇÃO|TV TAMBAU|
103007|TAG GROUP|EDITAIS MAIO|JORNAL CORREIO DA PARAIBA LTDA|156485|1001291|222/2013 ADITIVO- 02|25/05/2014 a24/11/2014|420107/2014|2313.45|2014-12-03|VEICULAÇÃO|JORNAL CORREIO|
102644|SUPERLIGA66|ESCOLA SEGURA|NSG SERVIÇOS GRÁFICOS LTDA|1000278|1000171|222/2013 ADITIVO- 02|25/05/2014 a24/11/2014|420109/2014|425.00|2014-07-29|PRODUÇÃO|NSG|
103009|TAG GROUP|EDITAIS MAIO|JORNAL CORREIO DA PARAIBA LTDA|150487|1001289|222/2013 ADITIVO- 02|25/05/2014 a24/11/2014|420107/2014|1898.78|2014-12-03|VEICULAÇÃO|JORNAL CORREIO|
102932|DABLIU A|ANIVERSARIO DE JOAO PESSOA|PORTAL GIRO PB|1000020|20707|222/2013 ADITIVO- 02|25/05/2014 a24/11/2014|420106/2014|4850.00|2014-10-13|VEICULAÇÃO|PORTAL GIRO PB|
103045|TAG GROUP|EDITAIS JULHO|JORNAL CORREIO DA PARAIBA LTDA|153505|1001279|222/2013 ADITIVO- 02|25/05/2014 a24/11/2014|420107/2014|1396.80|2014-12-03|VEICULAÇÃO|JORNAL CORREIO|
102841|TAG GROUP|EMPREGO E RENDA|RILDO SILVA JUNIOR ME|1000054|1000954|222/2013 ADITIVO- 02|25/05/2014 a24/11/2014|420107/2014|65607.50|2014-08-11|PRODUÇÃO|104 FILMES|
103410|TAG GROUP|EDUCAÇÃO/CUIDADOR/HAB./BANCO|EMPRESA DE TELEVISÃO JOAO PESSOA LTDA|32069|1002050|222/2013 ADITIVO- 03|25/11/2014 a24/05/2015|420034/2015|141231.03|2015-06-12|VEICULAÇÃO|TV CORREIO|
103875|DABLIU A|PROJETO ESPECIAL 500 DIAS DE GESTAO|JORNAL DA PARAIBA - EDITORA JORNAL DA PARAIBA LTDA|3062|40775|222/2013 ADITIVO- 04|25/05/2015 A 24/11/2015|420179/2015|56000.00|2015-12-28|VEICULAÇÃO|JORNAL DA PARAIBA|
102889|SUPERLIGA 66|COORDENAÇÃO LGBT|SUPERLIGA 66 COMUNICAÇÃO LTDA|1000265|1000265|222/2013 ADITIVO- 02|25/05/2014 a24/11/2014|420109/2014|4040.80|2014-11-13|CRIAÇÃO|SUPERLIGA|
103013|TAG GROUP|EDITAIS MAIO|JORNAL CORREIO DA PARAIBA LTDA|156401|1001318|222/2013 ADITIVO- 02|25/05/2014 a24/11/2014|420107/2014|4146.75|2014-12-03|VEICULAÇÃO|JORNAL CORREIO|
103457|TAG GROUP|SAÚDE/INFRAESTRUTURA|EDITORA JORNAL DA PARAIBA LTDA|9239|1002183|222/2013 ADITIVO- 04|25/05/2015 A 24/11/2015|420114/2015|20370.00|2015-07-23|VEICULAÇÃO|JORNAL DA PARAIBA|
103992|TAG GROUP|VEICULAÇÃO MAIO|CENTRAL DE NOTICIAS BRASILEIRAS LTDA|17331|1002904|222/2013 ADITIVO- 05|25/05/2015 A 24/11/2016|420054/2015|11931.00|2015-06-21|VEICULAÇÃO|RADIO 98FM|
104719|TAG ZAG|HABITAÇÃO|MC STUDIO LTDA|4057|1003713|222/2013 ADITIVO- 08|25/05/2017 A 24/11/2017|420114/2017|9775.00|2017-10-11|PRODUÇÃO|MUZAK|
102735|ART&C|OBRAS MAIO|TV ARAPUAN - SOCIEDADE PARAIBANA DE COMUNICAÇÃO LTDA|004177/14|10221|222/2013 ADITIVO- 02|25/05/2014 a24/11/2014|420108/2014|70378.35|2014-06-16|VEICULAÇÃO|TV ARAPUAN|
103641|ART&C|ACOMPANHAMENTO|COMVIDEO PRODUÇÕES BROADCAST LTDA|1000031|1000083|222/2013 ADITIVO- 04|25/05/2015 A 24/11/2015|420132/2015|66441.25|2015-10-13|PRODUÇÃO|COMVIDEO|
103003|TAG GROUP|EDITAIS MAIO|EDITORA JORNAL DA PARAIBA LTDA|5210|1001255|222/2013 ADITIVO- 02|25/05/2014 a24/11/2014|420107/2014|829.35|2014-12-03|VEICULAÇÃO|JORNAL DA PARAIBA|
104465|TAG ZAG|BANCO CIDADAO|EMPRESA DE TELEVISÃO JOÃO PESSOA LTDA|35539|1003534|222/2013 ADITIVO- 08|25/05/2017 A 24/11/2017|420100/2017|41796.33|2017-07-12|VEICULAÇÃO|TV CORREIO|
103643|ART&C|ACOMPANHAMENTO|COMVIDEO PRODUÇÕES BROADCAST LTDA|1000033|1000085|222/2013 ADITIVO- 04|25/05/2015 A 24/11/2015|420132/2015|66441.25|2015-10-13|PRODUÇÃO|COMVIDEO|
104155|TAG ZAG|OLHAR AO LADO  VISTA ALEGRE|EMPRESA DE TELEVISÃO JOÃO PESSOA LTDA|34893|1003272|222/2013 ADITIVO- 07|25/11/2017 A 24/05/2017|420011/2017|130864.64|2017-02-10|VEICULAÇÃO|TV CORREIO|
102782|ART&C|OBRAS ABRIL|EMPRESA DE TELEVISÃO JOAO PESSOA LTDA|29916|10499|222/2013 ADITIVO- 02|25/05/2014 a24/11/2014|420108/2014|32357.26|2014-07-29|VEICULAÇÃO|TV CORREIO|
104339|TAG ZAG|VEICULAÇÃO MARÇO|SOCIEDADE PARAIBANA DE COMUNICAÇÃO LTDA|5901|1003465|222/2013 ADITIVO- 07|25/11/2016 A 24/05/2017|420061/2017|24250.00|2017-05-10|VEICULAÇÃO|TV ARAPUAN|
102463|TAG GROUP|FESTIVAL DE MÚSICA CLÁSSICA|ABRIL COMUNICAÇÕES S.A.|58842|1000346|222/2013|25/11/2013 a 24/05/2014|420292/2013 e 420310/2013|12319.00|2014-04-23|VEICULAÇÃO|ED ABRIL|
103276|ART C|EDITAIS DEZEMBRO|JORNAL CORREIO DA PARAIBA LTDA|147325|1000004|222/2013|25/11/2013 a 24/05/2014|420293/2013|261.90|2015-03-24|VEICULAÇÃO|JORNAL CORREIO|
103998|TAG GROUP|VEICULAÇÃO MAIO|POLITICA PB SERVIÇOS DE INTERNET COM. LTDA|1000244|1002914|222/2013 ADITIVO- 05|25/05/2015 A 24/11/2016|420054/2015|24250.00|2016-06-21|VEICULAÇÃO|BLOG DO GORDINHO|
103230|SUPERLIGA 66|NATAL POPULAR 2014|RADIO E TELEVISAO O NORTE LTDA|15667|1000378|222/2013 ADITIVO- 03|25/11/2014 a24/05/2015|420036/2015|7793.95|2015-03-24|VEICULAÇÃO|TV CLUBE|
103923|SUPERLIGA 66|ZIKA VIRUS|ALEX ROBERIO DA COSTA FILHO ME|1001836|1000811|222/2013 ADITIVO- 05|25/05/2015 A 24/11/2016|420191/2015|50556.49|2016-02-26|VEICULAÇÃO|TV MASTER|
102696|ART&C|OBRAS ABRIL|TV ARAPUAN - SOCIEDADE PARAIBANA DE COMUNICAÇÃO LTDA|004128/14|10175|222/2013 ADITIVO- 02|25/05/2014 a24/11/2014|420108/2014|18870.30|2014-06-12|VEICULAÇÃO|TV ARAPUAN|
102469|SUPER LIGA 66|NATAL POPULAR|MULTCOR IMPRESSÃO DIGITAL LTDA-ME|100067|100050|222/2013|25/11/2013 a 24/05/2014|420291/2013|8721.00|2014-02-21|PRODUÇÃO|MULTICOR|
102950|DABLIU A|OLIMPIADA ROBOTICA|PERSONNALITE - RUTHE SILVA DE FREITAS -ME|152|20867|222/2013 ADITIVO- 02|25/05/2014 a24/11/2014|420106/2014|1216.00|2014-12-03|PRODUÇÃO|PERSONNALITE|
103554|DABLIU A|SEMANA SANTA|ADESIVO DOIS COMUNICAÇÃO VISUAL LTDA|1000798|40412|222/2013 ADITIVO- 04|25/05/2015 A 24/11/2015|420133/2015|10994.58|2015-09-25|PRODUÇÃO|ADESIVO 2|
103491|TAG GROUP|FAIXA EXCLUSIVA DE ONIBUS|POLITICAPB SERVIÇOS DE INTERNET E COM. LTDA|1000175|10022286|222/2013 ADITIVO- 04|25/05/2015 A 24/11/2015|420123/2015|19400.00|2015-08-18|VEICULAÇÃO|BLOG DO GORDINHO|
102312|TAG GROUP|FESTIVAL DE MÚSICA CLÁSSICA|RADIO AREIA DOURADA LTDA|10618|1000359|222/2013|25/11/2013 a 24/05/2014|420292/2013 e 420310/2013|6111.00|2014-02-28|VEICULAÇÃO|RADIO CABO BRANCO FM|
102603|DABLIU A|LUCY ALVES|ALEX ROBERIO DA COSTA FILHO ME|1000436|20398|222/2013 ADITIVO- 01|25/11/2013 a 24/05/2014|420007/2014|5000.00|2014-04-25|VEICULAÇÃO|TV MASTER|
102876|TAG GROUP|EDITAIS JAN|TAG GROUP COMUNICAÇÃO LTDA|1000961|1000961|222/2013 ADITIVO- 02|25/05/2014 a24/11/2014|420107/2014|5300.00|2014-08-11|CRIAÇÃO|TAG ZAG|
102651|SUPERLIGA66|REVITALIZAÇÃO DA LAGOA|BARBARA QUEIROZ BICHARA DANTAS ME|1000023|1000335|222/2013 ADITIVO- 02|25/05/2014 a24/11/2014|420109/2014|2270.00|2014-12-17|PRODUÇÃO|BARBARA|
102586|DABLIU A|EXTREMO|EMP. DE TELEVISÃO JOAO PESSOA LTDA|29396|20403|222/2013 ADITIVO- 01|25/11/2013 a 24/05/2014|420007/2014|70960.00|2014-04-25|VEICULAÇÃO|TV CORREIO|
104250|TAG ZAG|CRIAÇÃO|TAG GROUP COMUNICAÇÃO LTDA|1003403|1003403|222/2013 ADITIVO- 07|25/11/2016 A 24/05/2017|420055/2017|15583.20|2017-04-10|CRIAÇÃO|TAG|
102413|SUPER LIGA 66|NATAL POPULAR|RADIO E TELEVISÃO O NORTE LTDA|14634|1000124|222/2013|25/11/2013 a 24/05/2014|420291/2013|10213.32|2014-04-25|VEICULAÇÃO|TV CLUBE|
103991|TAG GROUP|VEICULAÇÃO MAIO|JORNAL CORREIO DA PARAIBA LTDA|166591|1002903|222/2013 ADITIVO- 05|25/05/2015 A 24/11/2016|420054/2015|15520.00|2016-06-21|VEICULAÇÃO|PORTAL CORREIO|
103474|TAG GROUP|AUX. PEDAGOGICO|CANARIO PRODUTORA DE VIDEO LTDA|1000191|1002256|222/2013 ADITIVO- 04|25/05/2015 A 24/11/2015|420123/2015|83111.65|2015-08-14|VEICULAÇÃO|CANARIO FILMES|
103064|TAG GROUP|EDITAIS ABRIL|EDITORA JORNAL DA PARAIBA LTDA|2915|1001202|222/2013 ADITIVO- 02|25/05/2014 a24/11/2014|420107/2014|1818.75|2014-12-03|VEICULAÇÃO|JORNAL DA PARAIBA|
104139|TAG GROUP|MÍDIA NOVEMBRO|ESTRATEGIA SERVIÇOS DE COMUNICAÇÃO EIRELI|1000002|1003168|222/2013 ADITIVO- 06|25/05/2015 A 24/11/2016|420109/2016|3686.00|2016-12-21|VEICULAÇÃO|ANDERSON SOARES|
103460|TAG GROUP|SAÚDE/CARTÕES/PMJP|TELEVISÃO CABO BRANCO LTDA|31539|1002192|222/2013 ADITIVO- 04|25/05/2015 A 24/11/2015|420114/2015|306607.30|2015-07-23|VEICULAÇÃO|TV CABO BRANCO|
104507|ART&C|BANCO CIDADÃO|RADIO SOL MAIOR LTDA|5661|1000325|222/2013 ADITIVO- 08|25/05/2017 A 24/11/2017|420107/2017|11737.00|2017-08-14|VEICULAÇÃO|RADIO NOVA TAMBAU|
104195|SUPERLIGA 66|VEICULAÇAO DE OUTDOOR|BANDEIRANTES PROPAGANDA PARAIBANA LTDA|3049|1001246|222/2013 ADITIVO- 07|25/11/2017 A 24/05/2017|420011/2017|14820.00|2017-02-10|PRODUDAÇÃO|BANDEIRANTES|
104532|TAG ZAG|BANCO CIDADAO|EMPRESA DE TELEVISÃO JOÃO PESSOA LTDA|173390|1003599|222/2013 ADITIVO- 08|25/05/2017 A 24/11/2017|420114/2017|14550.00|2017-08-14|VEICULAÇÃO|TV CORREIO|
104228|SUPERLIGA 66|VEICULAÇÃO JANEIRO|ILKA CRISTINA NASCIMENTO DA SILVA|1000091|1001290|222/2013 ADITIVO- 07|25/11/2016 A 24/05/2017|420028/2017|3031.25|2017-03-10|VEICULAÇÃO|REVISTA ECOLOGICA|
102693|ART&C|CENT ABELARDO JUREMA|JORNAL CORREIO DA PARAIBA LTDA|147377|10190|222/2013 ADITIVO- 02|25/05/2014 a24/11/2014|420108/2014|4534.75|2014-06-12|VEICULAÇÃO|JORNAL CORREIO|
104065|SUPERLIGA 66|VEICULAÇÃO ABRIL|ADELSON BARBOSA DOS SANTOS FILHO|1000138|1001184|222/2013 ADITIVO- 06|25/05/2015 A 24/11/2016|420101/2016|7760.00|2016-11-25|VEICULAÇÃO|ESTADO PB|
102279|SUPER LIGA 66|JOÃO PESSOA ARTESÃ|TELEVISÃO CABO BRANCO LDTA|28309|100053|222/2013|25/11/2013 a 24/05/2014|420291/2013|27838.00|2014-01-17|VEICULAÇÃO|TV CABO BRANCO|
102587|DABLIU A|EXTREMO|CNB CENTRAL DE NOTÍCIAS B. LTDA|409|20404|222/2013 ADITIVO- 01|25/11/2013 a 24/05/2014|420007/2014|12540.00|2014-04-25|VEICULAÇÃO|RCTV|
104154|TAG ZAG|OLHAR AO LADO|TELEVISÃO TAMBAU LTDA|6453|1003298|222/2013 ADITIVO- 07|25/11/2017 A 24/05/2017|420011/2017|80586.63|2017-02-10|VEICULAÇÃO|TV TAMBAU|
102360|SUPER LIGA 66|JOÃO PESSOA ARTESÃ|TELEVISÃO TAMBAU LTDA.|3897|1000165|222/2013|25/11/2013 a 24/05/2014|420291/2013|8872.00|2014-04-25|VEICULAÇÃO|TV TAMBAU|
103192|DABLIU A|INSTITUCINAL|DABLIU A AGENCIA DE P. LTDA|21010|21010|222/2013 ADITIVO- 03|25/11/2014 a24/05/2015|420035/2015|5744.80|2015-01-14|CRIAÇÃO|DABLIU A|
103824|TAG GROUP|EDITAL 2014|JORNAL DA PARAIBA - EDITORA JORNAL DA PARAIBA LTDA|5236|1001266|222/2013 ADITIVO- 04|25/05/2015 A 24/11/2015|420036/2015|1338.60|2015-12-18|VEICULAÇÃO|JORNAL DA PARAIBA|
104161|TAG ZAG|UPA CRUZ DAS ARMAS|REBECA NEPONUCENO CHAVES ME|100006|1003285|222/2013 ADITIVO- 07|25/11/2017 A 24/05/2017|420011/2017|4656.00|2017-02-10|VEICULAÇÃO|PORTAL PB HJ|
102847|TAG GROUP|EVENTOS|B2 FILMES|75|1000947|222/2013 ADITIVO- 02|25/05/2014 a24/11/2014|420107/2014|68973.55|2014-08-11|PRODUÇÃO|B2 FILMES|
102427|TAG GROUP|FESTIVAL DE MÚSICA CLÁSSICA|ALEX ROBERIO DA COSTA FILHO -ME|1000284|1000344|222/2013|25/11/2013 a 24/05/2014|420292/2013 e 420310/2013|11785.50|2014-01-17|VEICULAÇÃO|TV MASTER|
103862|ART&C|VEICULAÇÃO NOVEMBRO|GUIA SERVIÇOS DE COMUNICAÇÃO|1000115|40726|222/2013 ADITIVO- 04|25/05/2015 A 24/11/2015|420173/2015|7275.00|2015-12-22|VEICULAÇÃO|CLICK VERDADE|
103267|TAG GROUP|IPTU - ABRIL|MARIANO E CARDOSO LTDA|474|1001892|222/2013 ADITIVO- 03|25/11/2014 a24/05/2015|420034/2015|4850.00|2015-03-24|VEICULAÇÃO|POLÊMICA PARAIBA|
103298|DABLIU A|CAMPANHAS: SAUDE I,II, ESPORTE E HABITAÇÃO( CACHÊ)|MAYANA NEIVA PROD. ARTIST.LTDA|1000008|40108|222/2013 ADITIVO- 03|25/11/2014 a24/05/2015|420035/2015|56350.00|2015-05-05|PRODUÇÃO|MAYANA NEIVA|
102753|ART&C|OBRAS MAIO|TV MASTER - ALEX ROBERIO DA COSTA FILHO - ME|1000686|10252|222/2013 ADITIVO- 02|25/05/2014 a24/11/2014|420108/2014|28411.30|2014-06-18|VEICULAÇÃO|TV MASTER|
102916|DABLIU A|ANIVERSARIO DE JOAO PESSOA|REDE LITORANEA DE RADIO LTDA|1918|20877|222/2013 ADITIVO- 02|25/05/2014 a24/11/2014|420106/2014|14550.00|2014-11-13|VEICULAÇÃO|RADIO CBN|
103465|TAG GROUP|SAUDE/INFR|S1 COMUNICAÇÃO LTDA-ME|1000027|1002159|222/2013 ADITIVO- 04|25/05/2015 A 24/11/2015|420114/2015|9700.00|2015-07-29|VEICULAÇÃO|PORTAL S1|
103893|SUPERLIGA 66|2 BUSTO DE TAMANDARE|ALFREDO PEREIRA DA SILVA|1000985|1000720|222/2013 ADITIVO- 04|25/05/2015 A 24/11/2015|420174/2015|811.78|2015-12-30|PRODUÇÃO|JP BALÕES|
104431|ART&C|100 DIAS DE GESTAO|TELEVISAO TAMBAU LTDA|6755|1000290|222/2013 ADITIVO- 08|25/05/2017 A 24/11/2017|420078/2017|25468.32|2017-06-13|VEICULAÇÃO|TV TAMBAU|
103808|SUPERLIGA 66|TRANSPARENCIA NOVEMBRO|RADIO SOL MAIOR LTDA|4994|1000745|222/2013 ADITIVO- 05|25/05/2015 A 24/11/2016|420174/2015|6402.00|2015-12-18|VEICULAÇÃO|RADIO SOL MAIOR|
103851|DABLIU A|OBRAS NOVEMBRO|JORNAL CORREIO DA PARAIBA LTDA|163336|40730|222/2013 ADITIVO- 05|25/05/2015 A 24/11/2016|420175/2015|19952.90|2015-12-18|VEICULAÇÃO|JORNAL CORREIO|
102298|DABLIU A|NATAL|TELEVISÃO CABO BRANCO LDTA|502|20157|222/2013|25/11/2013 a 24/05/2014|420294/2013|5000.00|2014-02-28|VEICULAÇÃO|TV CABO BRANCO|
103475|TAG GROUP|DOULAS|CANARIO PRODUTORA DE VIDEO LTDA|1000192|1002255|222/2013 ADITIVO- 04|25/05/2015 A 24/11/2015|420123/2015|83111.65|2015-08-14|VEICULAÇÃO|CANARIO FILMES|
104240|TAG GROUP|VEICULAÇÃO JANEIRO|EMPRESA DE TELEVISÃO JOÃO PESSOA LTDA|35039|1003319|222/2013 ADITIVO- 07|25/11/2016 A 24/05/2017|420027/2017|48472.84|2017-03-10|VEICULAÇÃO|TV CORREIO|
102597|ART C|IPTU|RADIO E TELEVISÃO PARAIBANA LTDA|4025|9045|222/2013 ADITIVO- 01|25/11/2013 a 24/05/2014|420025/2014 e 420174/2014|48951.48|2014-05-12|VEICULAÇÃO|TV ARAPUAN|
103857|DABLIU A|VEICULAÇÃO NOVEMBRO|BLOG DO GORDINHO|1000201|40701|222/2013 ADITIVO- 04|25/05/2015 A 24/11/2015|420173/2015|19400.00|2015-12-22|VEICULAÇÃO|BLOG DO GORDINHO|
102698|ART&C|OBRAS ABRIL|RADIO SANHAUA DE BAYEUX LTDA|510|10176|222/2013 ADITIVO- 02|25/05/2014 a24/11/2014|420108/2014|4306.80|2014-06-12|VEICULAÇÃO|RADIO SANHAUA|
104536|TAG ZAG|CIDADE SUSTENTAVEL|EMPRESA DE TELEVISÃO JOÃO PESSOA LTDA|35721|1003606|222/2013 ADITIVO- 08|25/05/2017 A 24/11/2017|420114/2017|29368.69|2017-08-14|VEICULAÇÃO|TV CORREIO|
104720|TAG ZAG|BACKDROP CENTRO CULTURAL DE MANGABEIRA|SAUTER VENTES COMUNICAÇÃO VISUAL SERVIÇOS E ORGANIZAÇÕES||1003705|222/2013 ADITIVO- 08|25/05/2017 A 24/11/2017|420114/2017|3162.50|2017-10-11|PRODUÇÃO|SAUTER VENTES|
103825|TAG GROUP|EDITAL 2014|JORNAL DA PARAIBA - EDITORA JORNAL DA PARAIBA LTDA|5237|1001265|222/2013 ADITIVO- 04|25/05/2015 A 24/11/2015|420036/2015|189.15|2015-12-18|VEICULAÇÃO|JORNAL DA PARAIBA|
104281|ART&C|LEQUE CARNAVAL 2017|GRÁFICA JB LTDA|1023670|1000242|222/2013 ADITIVO- 07|25/11/2016 A 24/05/2017|420048/2017|17250.00|2017-04-10|PRODUÇÃO|GRAFICA JB|
102530|DABLIU A|EXTREMO|RUAN PROFESSIONAL VIDEO LTDA|20354|20354|222/2013|25/11/2013 a 24/05/2014|420294/2013|199985.00|2014-03-28|PRODUÇÃO|PRODUÇÃO DE VT|
103575|DABLIU A|ANIVERSARIO|RADIO JORNAL DE JOÃO PESSOA LTDA|12686|40504|222/2013 ADITIVO- 04|25/05/2015 A 24/11/2015|420133/2015|20952.00|2015-09-25|VEICULAÇÃO|RADIO MIX FM|
102377|SUPER LIGA 66|NATAL POPULAR|SISTEMA TAMBAU DE COMUNICAÇÃO LTDA|3662|100056|222/2013|25/11/2013 a 24/05/2014|420291/2013|2400.00|2014-01-17|VEICULAÇÃO|RAD ARAPUAN|
102764|SUPERLIGA 66|REVITALIZAÇÃO DA LAGOA|REVISTA NEGOCIOS IMOBILIARIOS - IVAN LIMA CORREIA - ME|1000040|1000250|222/2013 ADITIVO- 02|25/05/2014 a24/11/2014|420109/2014|1455.00|2014-07-29|VEICULAÇÃO|REVISTA NEGOCIOS IMOBILIARIOS|
103073|DABLIU A|ANIVERSARIO DE JOAO PESSOA|PORTAL TONI SHOW|1000141|20693|222/2013 ADITIVO- 02|25/05/2014 a24/11/2014|420106/2014|4850.00|2014-10-13|VEICULAÇÃO|PORTAL TONY SHOW|
103177|DABLIU A|INAUGURAÇÃO DA RUA  EFIGENIO BARBOSA|RUTHE SILVA DE FREITAS-ME|170|21024|222/2013 ADITIVO- 03|25/11/2014 a24/05/2015|420035/2015|1000.00|2015-02-05|PRODUÇÃO|PERSONNALITE|
102500|SUPER LIGA 66|MARÇO MULHER|GRÁFICA JB LTDA|1002718|1000137|222/2013|25/11/2013 a 24/05/2014|420291/2013|1253.75|2014-04-25|PRODUÇÃO|GRAFICA 2|
104023|TAG GROUP|VEICULAÇÃO OUTUBRO|NORDESTE COMUNICAÇÃO|1000217|1003095|222/2013 ADITIVO- 06|25/05/2015 A 24/11/2016|420100/2016|6466.99|2016-11-22|VEICULAÇÃO|WSCOM|
103115|TAG GROUP|EDITAIS FEVEREIRO|EDITORA JORNAL DA PARAIBA LTDA|2923|1001216|222/2013 ADITIVO- 02|25/05/2014 a24/11/2014|420107/2014|640.20|2014-12-03|VEICULAÇÃO|JORNAL DA PARAIBA|
102832|DABLIU A|TORCIDA NA PÇA - BANCARIOS|ALFREDO PEREIRA DA SILVA|1000432|20552|222/2013 ADITIVO- 02|25/05/2014 a24/11/2014|420106/2014|345.00|2014-08-11|PRODUÇÃO|JP BALÕES|
104526|SUPERLIGA 66|ADESIVOS LGBT|ADESIVO DOIS COMUNICAÇÃO VISUAL LTDA|1002230|1001443|222/2013 ADITIVO- 08|25/05/2017 A 24/11/2017|420108/2017|126.50|2017-08-14|PRODUÇÃO|ADESIVO 2|
102690|ART&C|IPTU|RADIO SANHAUA DE BAYEUX LTDA|495|10198|222/2013 ADITIVO- 02|25/05/2014 a24/11/2014|420108/2014|8070.40|2014-06-12|VEICULAÇÃO|RADIO SANHAUA|
102643|SUPERLIGA66|PEDALADA LILÁS|ALFREDO PEREIRA DA SILVA|1000319|1000170|222/2013 ADITIVO- 02|25/05/2014 a24/11/2014|420109/2014|600.00|2014-12-17|PRODUÇÃO|JP BALÕES|
104114|TAG GROUP|PLAN. ARTÍSTICO FAIXA PEDEST.|CANARIO PRODUTORA DE VIDEO LTDA|1000317|1003186|222/2013 ADITIVO- 06|25/05/2015 A 24/11/2016|420109/2016|23966.00|2016-12-21|PRODUÇÃO|CANÁRIO|
104235|TAG GROUP|UPA CRUZ DAS ARMAS|CANARIO PRODUTORA DE VIDEO LTDA|10000328|1003330|222/2013 ADITIVO- 07|25/11/2016 A 24/05/2017|420027/2017|88550.00|2017-03-10|PRODUÇÃO|CANARIO FILMES|
102664|SUPERLIGA66|NOVOS RADARES|EMPRESA DE TELEVISÃO JOAO PESSOA LTDA|29895|1000215|222/2013 ADITIVO- 02|25/05/2014 a24/11/2014|420109/2014|27984.50|2014-07-29|VEICULAÇÃO|TV CORREIO|
104380|TAG ZAG|BANNERS E FAIXAS CORAÇÃO DO BAIRRO|SAUTER VENTES VISUAL E SERVI E ORGANIZAÇÕES|1000660|1003497|222/2013 ADITIVO- 08|25/05/2017 A 24/11/2017|420075/2017|1046.50|2017-06-13|PRODUÇÃO|SAUTER VENTES|
103842|TAG GROUP|VT HABITAÇÃO|CANARIO PRODUTORA DE VIDEO LTDA|1000239|1002570|222/2013 ADITIVO- 05|25/05/2015 A 24/11/2016|420176/2015|94645.00|2015-12-18|PRODUÇÃO|CANARIO FILMES|
102462|TAG GROUP|FESTIVAL DE MÚSICA CLÁSSICA|ABRIL COMUNICAÇÕES S.A.|58843|1000348|222/2013|25/11/2013 a 24/05/2014|420292/2013 e 420310/2013|7760.00|2014-04-23|VEICULAÇÃO|ED ABRIL|
104253|TAG ZAG|FILME CARNVAL DE BOA|CANARIO PRODUTORA DE VIDEO LTDA|1000334|1003392|222/2013 ADITIVO- 07|25/11/2016 A 24/05/2017|420055/2017|101775.00|2017-04-10|PRODUÇÃO|CANARIO FILMES|
103553|DABLIU A|PÇ.INDEPENDENCIA|ADESIVO DOIS COMUNICAÇÃO VISUAL LTDA|1000795|40411|222/2013 ADITIVO- 04|25/05/2015 A 24/11/2015|420133/2015|1932.00|2015-09-25|PRODUÇÃO|ADESIVO 2|
103088|TAG GROUP|EDITAIS JAN|EDITORA JORNAL DA PARAIBA LTDA|2922|1001179|222/2013 ADITIVO- 02|25/05/2014 a24/11/2014|420107/2014|552.90|2014-12-03|VEICULAÇÃO|JORNAL DA PARAIBA|
102567|TAG GROUP|ANUNCIOS PAGINAS|TAG GROUP COMUNICAÇÃO LTDA|1000295|1000295|222/2013|25/11/2013 a 24/05/2014|420292/2013 e 420310/2013|22550.64|2014-04-23|CRIAÇÃO|SUPER LIGA 66|
103919|SUPERLIGA 66|ZIKA VIRUS|SISTEMA TAMBAU DE COMUNICAÇÃO LTDA|4737|1000810|222/2013 ADITIVO- 05|25/05/2015 A 24/11/2016|420191/2015|4035.20|2016-02-26|VEICULAÇÃO|RADIO SUCESSO|
102491|SUPER LIGA 66|CONVENIO PESTALOZZI|ALFREDO P.DA SILVA|1000309|1000164|222/2013|25/11/2013 a 24/05/2014|420291/2013|600.00|2014-04-25|PRODUÇÃO|JP BALÕES|
103700|DABLIU A|MIDIA OUTUBRO|RADIO JORNAL DE JOÃO PESSOA LTDA-EPP|12839|40663|222/2013 ADITIVO- 04|25/05/2015 A 24/11/2015|420159/2015|4190.40|2015-11-19|VEICULAÇÃO|RADIO MIX|
103036|TAG GROUP|EDITAIS JULHO|EDITORA JORNAL DA PARAIBA LTDA|5237|1001265|222/2013 ADITIVO- 02|25/05/2014 a24/11/2014|420107/2014|189.15|2014-12-03|VEICULAÇÃO|JORNAL DA PARAIBA|
102904|DABLIU A|ANIVERSARIO DE JOAO PESSOA|JORNAL CORREIO DA PARAIBA|153837|20754|222/2013 ADITIVO- 02|25/05/2014 a24/11/2014|420106/2014|37345.00|2014-10-13|VEICULAÇÃO|JORNAL JÁ|
102461|TAG GROUP|FESTIVAL DE MÚSICA CLÁSSICA|ABRIL COMUNICAÇÕES S.A.|1000381|1000320|222/2013|25/11/2013 a 24/05/2014|420292/2013 e 420310/2013|19400.00|2014-04-23|VEICULAÇÃO|ED ABRIL|
102750|ART&C|IPTU|RAD MIX - SOCIEDADE PARAIBANA DE COMUNICAÇÃO LTDA|11487|10187|222/2013 ADITIVO- 02|25/05/2014 a24/11/2014|420108/2014|5140.22|2014-06-18|VEICULAÇÃO|RADIO MIX|
102921|DABLIU A|ANIVERSARIO DE JOAO PESSOA|PORTAL WSCOM|1000181|20697|222/2013 ADITIVO- 02|25/05/2014 a24/11/2014|420106/2014|9700.00|2014-10-13|VEICULAÇÃO|PORTAL WSCOM|
103756|DABLIU A|PRODUÇÃO DE FAIXA|PERSONNALITE - RUTHE SILVA DE FREITAS -ME|227|40184|222/2013 ADITIVO- 03|25/11/2014 a24/05/2015|420035/2015|230.00|2015-12-18|PRODUÇÃO|PERSONALITE|
104615|TAG ZAG|VEICULAÇÃO JULHO|JORNAL CORREIO DA PARAIBA LTDA|174158|1003675|222/2013 ADITIVO- 08|25/05/2017 A 24/11/2017|420114/2017|58200.00|2017-09-15|VEICULAÇÃO|JORNAL CORREIO|
103629|DABLIU A|ANIVERSAIO DE JOAO PESSOA|JORNAL CORREIO DA PARAIBA LTDA|161461|40539|222/2013 ADITIVO- 04|25/05/2015 A 24/11/2015|420133/2015|14550.00|2015-10-16|EXIBIÇÃO|TV CORREIO|
103848|TAG GROUP|CRACHA PANFLETO CONVITE MUSICA CLASSICA|GRAFICA JB LTDA|1013892|1002562|222/2013 ADITIVO- 05|25/05/2015 A 24/11/2016|420176/2015|61254.75|2015-12-18|VEICULAÇÃO|GRAFICA JB|
102334|DABLIU A|NATAL|CENTRAL DE NOTICIAS BRASILEIRAS LTDA|384|20180|222/2013|25/11/2013 a 24/05/2014|420294/2013|10060.00|2014-02-28|VEICULAÇÃO|RCTV|
103452|TAG GROUP|SAÚDE/INFRAESTRUTURA|JORNAL CORREIO DA PARAIBA LTDA|160067|1002184|222/2013 ADITIVO- 04|25/05/2015 A 24/11/2015|420114/2015|19952.90|2015-07-23|VEICULAÇÃO|JORNAL CORREIO|
102420|SUPER LIGA 66|JOÃO PESSOA ARTESÃ|ALEX ROBERIO DA COSTA FILHO -ME|100292|100053|222/2013|25/11/2013 a 24/05/2014|420291/2013|9600.00|2014-01-17|VEICULAÇÃO|TV MASTER|
104285|ART&C|INSTITUCINAL+CARNAVAL 2017|RADIO SOL MAIOR|5509|1000232|222/2013 ADITIVO- 07|25/11/2016 A 24/05/2017|420048/2017|5228.30|2017-04-10|VEICULAÇÃO|NOVA TAMBAU|
102743|ART&C|OBRAS ABRIL|TV CLUBE - RADIO E TELEVISAO O NORTE LTDA|14925|100078|222/2013 ADITIVO- 02|25/05/2014 a24/11/2014|420108/2014|16585.06|2014-06-18|VEICULAÇÃO|TV CLUBE|
104384|TAG ZAG|VEICULAÇÃO ABRIL|CNB CENTRAL DE NOTICIAS BRASILEIRAS LTDA|1275|1003492|222/2013 ADITIVO- 08|25/05/2017 A 24/11/2017|420075/2017|6790.00|2017-06-13|VEICULAÇÃO|RCTV|
102293|ART C|FUTEBOL 2014|REDE LITORANEA DE RADIO LTDA|1587|8913|222/2013|25/11/2013 a 24/05/2014|420293/2013|14550.00|2014-04-23|VEICULAÇÃO|RADIO CBN FM|
103974|DABLIU A|INSTITUCIONAL|ADESIVO DOIS COMUNICAÇÃO VISUAL LTDA|1000973|40582|222/2013 ADITIVO- 04|25/05/2015 A 24/11/2015|420150/2015|920.00|2016-04-27|PRODUÇÃO|ADESIVO 2|
103387|TAG GROUP|INSTITUCIONAL|MULTICOR IMPRESSÃO DIGITAL LTDA|1000378|1001733|222/2013 ADITIVO- 03|25/11/2014 a24/05/2015|420034/2015|695.81|2015-05-27|PRODUÇÃO|MULTICOR|
104732|TAG ZAG|VEICULAÇÃO PARCELA|SOCIEDADE PARAIBANA DE COMUNICAÇÃO LTDA|6088|1003717|222/2013 ADITIVO- 08|25/05/2017 A 24/11/2017|420114/2017|29100.00|2017-10-11|VEICULAÇÃO|TV ARAPUAN|
103184|DABLIU A|SEMOB|DABLIU A AGENCIA DE P. LTDA|21011|21011|222/2013 ADITIVO- 03|25/11/2014 a24/05/2015|420035/2015|12755.20|2015-01-14|CRIAÇÃO|DABLIU A|
103004|TAG GROUP|EDITAIS MAIO|EDITORA JORNAL DA PARAIBA LTDA|5211|1001254|222/2013 ADITIVO- 02|25/05/2014 a24/11/2014|420107/2014|902.10|2014-12-03|VEICULAÇÃO|JORNAL DA PARAIBA|
104416|SUPERLIGA 66|CHA SOLIDARIO|ADESIVO DOIS COMUNICAÇÃO VISUAL LTDA|1002170|1001396|222/2013 ADITIVO- 08|25/05/2017 A 24/11/2017|420082/2017|414.00|2017-06-13|PRODUÇÃO|ADESIVO 2|
103929|SUPERLIGA 66|ZIKA VIRUS|RADIO FM O NORTE LTDA|7379|1000816|222/2013 ADITIVO- 05|25/05/2015 A 24/11/2016|420191/2015|8730.00|2016-02-26|VEICULAÇÃO|RADIO CLUBE FM|
102922|DABLIU A|ANIVERSARIO DE JOAO PESSOA|JORNAL CONTRAPONTO|1000106|20721|222/2013 ADITIVO- 02|25/05/2014 a24/11/2014|420106/2014|23280.00|2014-10-13|VEICULAÇÃO|JORNAL CONTRAPONTO|
103069|TAG GROUP|EDITAIS MARÇO|EDITORA JORNAL DA PARAIBA LTDA|2937|1001210|222/2013 ADITIVO- 02|25/05/2014 a24/11/2014|420107/2014|1353.15|2014-12-03|VEICULAÇÃO|JORNAL DA PARAIBA|
104504|ART&C|JOÃO PESSOA MAIS|TELEVISAO TAMBAU LTDA|6903|1000333|222/2013 ADITIVO- 08|25/05/2017 A 24/11/2017|420107/2017|40650.76|2017-08-14|VEICULAÇÃO|TV TAMBAU|
103357|SUPERLIGA 66|PAZ NO TRANSITO|SUPERLIGA 66 COMUNICAÇÃO LTDA|1000394|1000394|222/2013 ADITIVO- 03|25/11/2014 a24/05/2015|420036/2015|2444.80|2015-05-06|CRIAÇÃO|SUPERLIGA 66|
103301|DABLIU A|TAMBIÁ FOLIA|ALFREDO PEREIRA DA SILVA|1000708|40150|222/2013 ADITIVO- 03|25/11/2014 a24/05/2015|420035/2015|920.00|2015-05-05|PRODUÇÃO|JP BALÕES|
102977|DABLIU A|ANIVERSARIO DE JOAO PESSOA|PORTAL MIDIA XXI|445|20714|222/2013 ADITIVO- 02|25/05/2014 a24/11/2014|420106/2014|4850.00|2014-10-13|VEICULAÇÃO|PORTAL MIDIA XXI|
103788|DABLIU A|MIDIA NOVEMBRO|CENTRAL DE NOTICIAS BRASILEIRAS LTDA|931|40693|222/2013 ADITIVO- 05|25/05/2015 A 24/11/2016|420175/2015|10340.20|2015-12-18|VEICULAÇÃO|RCTV|
103738|ART&C|MIDIA OUTUBRO|PORTAL CORREIO FORENSE|1000097|1000092|222/2013 ADITIVO- 04|25/05/2015 A 24/11/2015|420160/2015|4850.00|2015-12-10|VEICULAÇÃO|PORTAL CORREIO FORENSE|
102954|DABLIU A|500 DIAS|DABLIU A AGENCIA DE PUBLICIDADE LTDA|20678|20678|222/2013 ADITIVO- 02|25/05/2014 a24/11/2014|420106/2014|16396.80|2014-09-17|CRIAÇÃO|DABLIU A|
104188|SUPERLIGA 66|ESTAÇÃO CIENCIA|ADESIVO DOIS COMUNICAÇÃO LTDA|1001985|1001265|222/2013 ADITIVO- 07|25/11/2017 A 24/05/2017|420011/2017|989.00|2017-02-10|PRODUDAÇÃO|ADESIVO DOIS|
104193|SUPERLIGA 66|POR DO SOL LITERARIO|104 FILMES LTDA|1000126|1001242|222/2013 ADITIVO- 07|25/11/2017 A 24/05/2017|420011/2017|12900.00|2017-02-10|PRODUDAÇÃO|104 FILMES|
102599|TAG GROUP|BALANÇO|RADIO E TELEVISÃO O NORTE LTDA|14733|1000681|222/2013 ADITIVO- 01|25/11/2013 a 24/05/2014|420000/2014|17608.50|2014-04-25|VEICULAÇÃO|TV CLUBE|
103293|DABLIU A|EXTREMO CULTURAL|RUTHE SILVA DE FREITAS-ME|189|21163|222/2013 ADITIVO- 03|25/11/2014 a24/05/2015|420035/2015|920.00|2015-05-05|PRODUÇÃO|PERSONALITE|
103222|SUPERLIGA 66|NATAL POPULAR 2014|RADIO FM CORREIO DE JOAO PESSOA LTDA|16215|1000360|222/2013 ADITIVO- 03|25/11/2014 a24/05/2015|420036/2015|11942.64|2015-03-24|VEICULAÇÃO|RADIO 98 FM|
104132|TAG GROUP|FESTIVAL DE MÚSICA CLÁSSICA|RASIO FM CORREIO DE JOAO PESSOA LTDA|17819|1003163|222/2013 ADITIVO- 06|25/05/2015 A 24/11/2016|420109/2016|3201.00|2016-12-21|VEICULAÇÃO|98 FM|
104134|TAG GROUP|FESTIVAL DE MÚSICA CLÁSSICA|EMPRESA DE TELEVISAO JOAO PESSOA LTDA|34747|1003165|222/2013 ADITIVO- 06|25/05/2015 A 24/11/2016|420109/2016|50761.07|2016-12-21|VEICULAÇÃO|TV CORREIO|
102862|DABLIU A|DIA DO TRABALHO|JORNAL CORREIO DA PARAIBA LTDA|149706|20549|222/2013 ADITIVO- 02|25/05/2014 a24/11/2014|420106/2014|9350.00|2014-07-29|VEICULAÇÃO|JORNAL CORREIO|
103121|DABLIU A|EDITAIS SETEMBRO|EDITORA JORNAL DA PARAIBA LTDA|2055|20852|222/2013 ADITIVO- 02|25/05/2014 a24/11/2014|420106/2014|712.95|2014-11-13|VEICULAÇÃO|JORNAL DA PARAIBA|
104372|ART&C|VEICULAÇÃO MARÇO|PARLAMENTO PB COMUNICAÇÃO LTDA|1000271|1000254|222/2013 ADITIVO- 07|25/11/2016 A 24/05/2017|420065/2017|3880.00|2017-05-10|VEICULAÇÃO|PARLAMENTO PB|
102957|DABLIU A|ANIVERSARIO DE JOAO PESSOA|PB NEWS COMUNICAÇÃO|1000059|20713|222/2013 ADITIVO- 02|25/05/2014 a24/11/2014|420106/2014|4850.00|2014-10-13|VEICULAÇÃO|PB NEWS COMUNICAÇÃO|
102468|SUPER LIGA 66|NATAL POPULAR|GERMANO FELIPE LIRA FELIPE|334846|100050|222/2013|25/11/2013 a 24/05/2014|420291/2013|950.00|2014-02-21|PRODUÇÃO|FOTOGRAFIA|
103704|DABLIU A|MIDIA OUTUBRO|EMP. DE TELEVISÃO JOÃO PESSOA LTDA|5487|40650|222/2013 ADITIVO- 04|25/05/2015 A 24/11/2015|420159/2015|14586.86|2015-11-19|VEICULAÇÃO|TV TAMBAU|
102326|SUPER LIGA 66|JOÃO PESSOA ARTESÃ|RADIO JORNAL DE JOÃO PESSOA LTDA-EPP|11352|1000133|222/2013|25/11/2013 a 24/05/2014|420291/2013|1080.00|2014-04-23|VEICULAÇÃO|RADIO MIX|
104267|TAG ZAG|VEICULAÇÃO FEVEREIRO|JORNAL CORREIO DA PARAIBA LTDA|170740|1003389|222/2013 ADITIVO- 07|25/11/2016 A 24/05/2017|420055/2017|10689.40|2017-04-10|VEICULAÇÃO|JORNAL CORREIO|
104388|TAG ZAG|VEICULAÇÃO ABRIL|RADIO AREIA DOURADA LTDA|2331|1003488|222/2013 ADITIVO- 08|25/05/2017 A 24/11/2017|420075/2017|6227.40|2017-06-13|vEICULAÇÃO|RADIO CABO BRANCO|
104646|ART&C|432 ANOS|RADIO SOL MAIOR LTDA|7039|1000387|222/2013 ADITIVO- 08|25/05/2017 A 24/11/2017|420107/2017|13572.24|2017-10-11|VEICULAÇÃO|TV TAMBAU|
102752|ART&C|OBRAS MAIO|RADIO SANHAUA DE BAYEUX LTDA|526|10240|222/2013 ADITIVO- 02|25/05/2014 a24/11/2014|420108/2014|10670.00|2014-06-18|VEICULAÇÃO|RADIO SANHAUA|
102937|DABLIU A|ANIVERSARIO DE JOAO PESSOA|PORTAL JANILDO - JC NET COMUNICACAO LTDA|100011|20712|222/2013 ADITIVO- 02|25/05/2014 a24/11/2014|420106/2014|4850.00|2014-10-13|VEICULAÇÃO|PORTAL JANILDO|
104224|SUPERLIGA 66|ANO NOVO|RADIO E TELEVISAO O NORTE S A|17322|1001285|222/2013 ADITIVO- 07|25/11/2016 A 24/05/2017|420028/2017|40594.50|2017-03-10|VEICULAÇÃO|TV MANAIRA|
102559|SUPER LIGA 66|ESCOLA SEGURA|SUPERLIGA 66 COMUNICAÇÃO LTDA|1000173|1000173|222/2013|25/11/2013 a 24/05/2014|420291/2013|685.60|2014-04-25|CRIAÇÃO|SUPER LIGA 66|
104436|ART&C|VEICULAÇÃO ABRIL|AY SERVIÇOS DE AGENCIAMENTO DE NOTICIAS LTDA|1000234|1000283|222/2013 ADITIVO- 08|25/05/2017 A 24/11/2017|420078/2017|4850.00|2017-06-13|VEICULAÇÃO|BLOG POLEMICA PARAIBA|
102493|SUPER LIGA 66|ESTACINE|ADESIVO DOIS COMUNICAÇÃO VISUAL LTDA|1000173|1000139|222/2013|25/11/2013 a 24/05/2014|420291/2013|234.00|2014-04-25|PRODUÇÃO|ADESIVO 2|
103520|TAG GROUP|INFORMES|J.A.C DOS PASSOS PRODUÇÕES-ME|76|1002251|222/2013 ADITIVO- 04|25/05/2015 A 24/11/2015|420123/2015|9890.00|2015-09-16|VEICULAÇÃO|PHONE PRODUÇÕES|
102289|SUPER LIGA 66|MARÇO MULHER|EDITORA JORNAL DA PARAIBA LTDA|2499|1000162|222/2013|25/11/2013 a 24/05/2014|420291/2013|7000.00|2014-04-23|VEICULAÇÃO|JORNAL DA PB|
102305|TAG GROUP|FESTIVAL DE MÚSICA CLÁSSICA|TELEVISÃO CABO BRANCO LDTA|28158|1000281|222/2013|25/11/2013 a 24/05/2014|420292/2013 e 420310/2013|81350.89|2014-01-17|VEICULAÇÃO|TV CABO BRANCO|
102953|DABLIU A|ANIVERSARIO DE JOAO PESSOA|DABLIU A AGENCIA DE PUBLICIDADE LTDA|20677|20677|222/2013 ADITIVO- 02|25/05/2014 a24/11/2014|420106/2014|94485.60|2014-09-17|CRIAÇÃO|DABLIU A|
103292|DABLIU A|EXTREMO CULTURAL|RUTHE SILVA DE FREITAS-ME|188|21164|222/2013 ADITIVO- 03|25/11/2014 a24/05/2015|420035/2015|345.00|2015-05-05|PRODUÇÃO|PERSONALITE|
103399|TAG GROUP|CUIDADOR /SAUDE|TAG GROUP COMUNICAÇÃO LTDA|1002028|1002028|222/2013 ADITIVO- 03|25/11/2014 a24/05/2015|420034/2015|6778.40|2015-05-26|CRIAÇÃO|TAG ZAG|
102431|ART C|BALANÇO|POLITICA PB SERVIÇOS DE INTERNET COM. LTDA|1000037|9155|222/2013|25/11/2013 a 24/05/2014|420293/2013|4850.00|2014-04-23|VEICULAÇÃO|JOR DA PRAIA|
102767|ART&C|500 DIAS|COMVIDEO PRODUÇÕES BROADCAST LTDA|1000011|10296|222/2013 ADITIVO- 02|25/05/2014 a24/11/2014|420108/2014|14858.00|2014-07-29|PRODUÇÃO|COMVIDEO|
104312|TAG ZAG|FILME SAÚDE|CANARIO PRODUTORA DE VIDEO LTDA|1000335|1003451|222/2013 ADITIVO- 07|25/11/2016 A 24/05/2017|420061/2017|87055.00|2017-05-10|PRODUÇÃO|CANARIO FILMES|
102404|SUPER LIGA 66|NATAL POPULAR|RADIO E TELEVISÃO O NORTE LTDA|14611|100071|222/2013|25/11/2013 a 24/05/2014|420291/2013|4200.00|2014-01-17|VEICULAÇÃO|TV CLUBE|
103658|TAG GROUP|TEMA/CONCEITO PROFESSOR PESSOA|TAG GROUP COMUNICAÇÃO LTDA|1002462|1002462|222/2013 ADITIVO- 04|25/05/2015 A 24/11/2015|420149/2015|11035.20|2015-10-20|CRIAÇÃO|TAG ZAG|
104137|TAG GROUP|MÍDIA NOVEMBRO|NORDESTE COMUNICAÇÃO|1000224|1003144|222/2013 ADITIVO- 06|25/05/2015 A 24/11/2016|420109/2016|14550.00|2016-12-21|VEICULAÇÃO|WSCOM|
102440|DABLIU A|NATAL|AMLL-SERVIÇOS E PORTAIS DE INTERNET LDTA-ME|1000030|20159|222/2013|25/11/2013 a 24/05/2014|420294/2013|12000.00|2014-01-17|VEICULAÇÃO|CLICK PB|
102571|TAG GROUP|PAGINAS REVISTAS|TAG GROUP COMUNICAÇÃO LTDA|1000350|1000350|222/2013|25/11/2013 a 24/05/2014|420292/2013 e 420310/2013|16352.00|2014-04-23|CRIAÇÃO|SUPER LIGA 66|
104042|SUPERLIGA 66|FAIXAS CONSELHO TUTELAR|ADESIVO DOIS COMUNICAÇÃO VISUAL LTDA|1001847|1001162|222/2013 ADITIVO- 06|25/05/2015 A 24/11/2016|420101/2016|289.80|2016-11-25|PRODUÇÃO|ADESIVO DOIS|
102850|TAG GROUP|EVENTOS|B2 FILMES|76|1000949|222/2013 ADITIVO- 02|25/05/2014 a24/11/2014|420107/2014|6900.00|2014-08-11|PRODUÇÃO|B2 FILMES|
104236|TAG GROUP|EM 2017 O TRABALHO CONTINUA|CANARIO PRODUTORA DE VIDEO LTDA|10000327|1003329|222/2013 ADITIVO- 07|25/11/2016 A 24/05/2017|420027/2017|101200.00|2017-03-10|PRODUÇÃO|CANARIO FILMES|
102685|ART&C|IPTU|RADIO FM O NORTE LTDA|6601|10174|222/2013 ADITIVO- 02|25/05/2014 a24/11/2014|420108/2014|7216.80|2014-06-12|VEICULAÇÃO|RADIO CLUBE|
103483|TAG GROUP|PORTAIS CUIDAR C.|TAG GROUP COMUNICAÇÃO LTDA|1002242|1002242|222/2013 ADITIVO- 04|25/05/2015 A 24/11/2015|420123/2015|5792.56|2015-08-14|CRIAÇÃO|TAG ZAG|
103049|TAG GROUP|EDITAIS JULHO|JORNAL CORREIO DA PARAIBA LTDA|153509|1001325|222/2013 ADITIVO- 02|25/05/2014 a24/11/2014|420107/2014|3011.85|2014-12-03|VEICULAÇÃO|JORNAL CORREIO|
104473|TAG ZAG|RESULTADOS|MC STUDIO LTDA|3959|1003562|222/2013 ADITIVO- 08|25/05/2017 A 24/11/2017|420100/2017|9775.00|2017-07-12|PRODUÇÃO|MUZAK|
103631|DABLIU A|ANIVERSAIO DE JOAO PESSOA|NORDESTE COMUNICAÇÃO|1000050|40543|222/2013 ADITIVO- 04|25/05/2015 A 24/11/2015|420140/2015|9700.00|2015-10-22|EXIBIÇÃO|REVISTA NORDESTE|
103478|TAG GROUP|MOBILIDADE|TAG GROUP COMUNICAÇÃO LTDA|1002237|1002237|222/2013 ADITIVO- 04|25/05/2015 A 24/11/2015|420123/2015|3791.20|2015-08-14|CRIAÇÃO|TAG ZAG|
103557|DABLIU A|ANIVERSARIO|RADIO FM O NORTE LTDA|7224|40528|222/2013 ADITIVO- 04|25/05/2015 A 24/11/2015|420133/2015|5121.60|2015-09-25|VEICULAÇÃO|RADIO CLUBE FM|
102492|SUPER LIGA 66|POSSE GUARDA CIVIL|GRÁFICA JB LTDA|1002401|1000137|222/2013|25/11/2013 a 24/05/2014|420291/2013|556.58|2014-04-25|PRODUÇÃO|GRAFICA JB|
103533|DABLIU A|NOTA OFICIAL|TELEVISÃO CABO BRANCO LTDA|31267|40390|222/2013 ADITIVO- 03|25/05/2015 A 24/11/2015|420035/2015|53935.88|2015-09-16|VEICULAÇÃO|TV CABO BRANCO|
102485|SUPER LIGA 66|AVULSOS|ADESIVO DOIS COMUNICAÇÃO VISUAL LTDA|100090|1000164|222/2013|25/11/2013 a 24/05/2014|420291/2013|147.00|2014-04-25|PRODUÇÃO|ADESIVO 2|
103899|SUPERLIGA 66|01- escola municipal lynando|ALFREDO PEREIRA DA SILVA|1001999|1000726|222/2013 ADITIVO- 04|25/05/2015 A 24/11/2015|420174/2015|405.89|2015-12-30|PRODUÇÃO|JP BALÕES|
102394|ART C|IPTU|SOCIEDADE PARAIBANA DE COM. LTDA|6905|9046|222/2013|25/11/2013 a 24/05/2014|420293/2013|6194.42|2014-04-22|VEICULAÇÃO|RAD ARAPUAN|
103337|DABLIU A|JP HOJE REALIZAÇÕES|EDITORA JORNAL DA PARAIBA LTDA|8216|40264|222/2013 ADITIVO- 03|25/11/2014 a24/05/2015|420035/2015|84632.50|2015-05-06|VEICULAÇÃO|JORNAL DA PARAIBA|
104275|TAG ZAG|SPOT CARNAVAL|MC STUDIO LTDA|3847|1003400|222/2013 ADITIVO- 07|25/11/2016 A 24/05/2017|420055/2017|8625.00|2017-04-10|PRODUÇÃO|MUZAK|
104706|TAG ZAG|VEICULAÇÃO AGOSTO|JORNAL CORREIO DA PARAIBA LTDA|174530|1003730|222/2013 ADITIVO- 08|25/05/2017 A 24/11/2017|420114/2017|14550.00|2017-10-11|VEICULAÇÃO|JORNAL CORREIO|
104121|TAG GROUP|OLHAR AO LADO|TELEVISAO TAMBAU LTD|34084|1003146|222/2013 ADITIVO- 06|25/05/2015 A 24/11/2016|420109/2016|84455.96|2016-12-21|VEICULAÇÃO|TV CABO BRANCO|
102412|SUPER LIGA 66|JOÃO PESSOA ARTESÃ|RADIO FM O NORTE LTDA|6486|1000120|222/2013|25/11/2013 a 24/05/2014|420291/2013|2400.00|2014-04-25|VEICULAÇÃO|RADIO  CLUBE|
103880|SUPERLIGA 66|08- FEIRAO DE IMOVEIS SERVIDOR|ALFREDO PEREIRA DA SILVA|1000995|1000706|222/2013 ADITIVO- 04|25/05/2015 A 24/11/2015|420174/2015|1623.56|2015-12-30|PRODUÇÃO|JP BALÕES|
104215|ART&C|ANO NOVO PMJP|SOCIEDADE PARAIBANA DE COMUNICAÇÃO LTDA|5835|1000201|222/2013 ADITIVO- 07|25/11/2016 A 24/05/2017|420030/2017|69290.98|2017-03-10|VEICULAÇÃO|TV ARAPUAN|
103331|DABLIU A|LAGOA|PB AGORA SERVIÇOS DE INTERNET E COM. LTDA|1000243|40249|222/2013 ADITIVO- 03|25/11/2014 a24/05/2015|420035/2015|9700.00|2015-05-05|VEICULAÇÃO|PORTAL PB AGORA|
103480|TAG GROUP|DOULAS|TAG GROUP COMUNICAÇÃO LTDA|1002239|1002239|222/2013 ADITIVO- 04|25/05/2015 A 24/11/2015|420123/2015|3452.00|2015-08-14|CRIAÇÃO|TAG ZAG|
104350|SUPERLIGA 66|REEIMPRESSÃO PETI/SEDES|GRÁFICA JB LTDA|1024258|1001359|222/2013 ADITIVO- 07|25/11/2016 A 24/05/2017|420064/2017|4899.00|2017-05-10|PRODUÇÃO|GRÁFICA JB|
103558|DABLIU A|IPTU|EDITORA JORNAL DA PARAIBA LTDA|8157|40419|222/2013 ADITIVO- 04|25/05/2015 A 24/11/2015|420133/2015|6790.00|2015-09-25|VEICULAÇÃO|JORNAL DA PARAIBA|
102704|ART&C|FEVEREIRO|TV CLUBE - RADIO E TELEVISAO O NORTE LTDA|14772|10196|222/2013 ADITIVO- 02|25/05/2014 a24/11/2014|420108/2014|29633.50|2014-06-12|VEICULAÇÃO|TV CLUBE|
104255|TAG ZAG|LOCAÇÃO 10 BLIMPS|ALFREDO PEREIRA DA SILVA|1001453|1003369|222/2013 ADITIVO- 07|25/11/2016 A 24/05/2017|420055/2017|6900.00|2017-04-10|PRODUÇÃO|JP BALÕES|
102787|ART&C|OBRAS ABRIL|TV CABO BRANCO LTDA|29108|9780|222/2013 ADITIVO- 02|25/05/2014 a24/11/2014|420108/2014|40961.16|2014-08-29|VEICULAÇÃO|TV CABO BRANCO|
104310|SUPERLIGA 66|ORÇAMENTO PARTICIPATIVO|TELA SOM LTDA|1001302|1000651|222/2013 ADITIVO- 07|25/11/2016 A 24/05/2017|420044/2017|345.00|2017-04-13|PRODUÇÃO|TELA SOM|
103201|DABLIU A|MAYANA NEYVA 01/02/03|RADIO E TELEVISAO PARAIBANA LTDA|7393|21123|222/2013 ADITIVO- 03|25/11/2014 a24/05/2015|420035/2015|5363.13|2015-02-05|VEICULAÇÃO|RADIO ARAPUAN FM|
102684|ART&C|CARNAVAL 2014|EMPRESA DE TELEVISÃO JOAO PESSOA LTDA|29615|10185|222/2013 ADITIVO- 02|25/05/2014 a24/11/2014|420108/2014|194000.00|2014-06-12|VEICULAÇÃO|TV CORREIO|
103609|TAG GROUP|PMJP/BEIRA RIO|WSCOM COMUNIAÇÃO E ARTES LTDA|1000326|1002295|222/2013 ADITIVO- 04|25/05/2015 A 24/11/2015|420123/2015|19400.00|2015-10-08|EXIBIÇÃO|WSCOM|
103854|DABLIU A|VEICULAÇÃO NOVEMBRO|ECLITON DA SOLVA MONTEIRO|1000003|40727|222/2013 ADITIVO- 04|25/05/2015 A 24/11/2015|420150/2015|2910.00|2015-12-22|VEICULAÇÃO|PORTAL POLITICA PB|
104274|TAG ZAG|LOCAÇÃO DE GRID|HWJ LOCAÇÕES E SERVIÇOS LTDA|2108|1003368|222/2013 ADITIVO- 07|25/11/2016 A 24/05/2017|420055/2017|44850.00|2017-04-10|PRODUÇÃO|JÚNIOR PRODUÇÕES E EVENTOS|
103426|TAG GROUP|BANNER EDUCAÇÃO/HABITAÇÃO|APCB-ASSOC.P/O PROGRESSO DAS COMUNIDADES|1000056|1002058|222/2013 ADITIVO- 03|25/11/2014 a24/05/2015|420034/2015|9700.00|2015-06-12|VEICULAÇÃO|PORTAL FATOS PB|
102809|ART&C|FUTEBOL 2014|REDE LITORANEA DE RADIO LTDA|1708|9781|222/2013 ADITIVO- 02|25/05/2014 a24/11/2014|420108/2014|14550.00|2014-08-29|VEICULAÇÃO|RADIO CBN|
102947|DABLIU A|ANIVERSARIO DE JOAO PESSOA|GRAFICA JB TLDA|1005344|20642|222/2013 ADITIVO- 02|25/05/2014 a24/11/2014|420106/2014|2754.25|2014-10-13|PRODUÇÃO|GRÁFICA JB|
104318|TAG ZAG|LONAS CARNAVAL|ADESIVO DOIS COMUNICAÇÃO LTDA|1002122|1003458|222/2013 ADITIVO- 07|25/11/2016 A 24/05/2017|420061/2017|31208.70|2017-05-10|PRODUÇÃO|ADESIVO DOIS|
103081|TAG GROUP|EDITAIS JAN|JORNAL CORREIO DA PARAIBA LTDA|149222|1001172|222/2013 ADITIVO- 02|25/05/2014 a24/11/2014|420107/2014|523.80|2014-12-03|VEICULAÇÃO|JORNAL CORREIO|
102569|TAG GROUP|CARTAZES/CONVITES|TAG GROUP COMUNICAÇÃO LTDA|1000297|1000297|222/2013|25/11/2013 a 24/05/2014|420292/2013 e 420310/2013|18021.60|2014-04-23|CRIAÇÃO|SUPER LIGA 66|
102749|ART&C|OBRAS ABRIL|TV MASTER - ALEX ROBERIO DA COSTA FILHO - ME|1000685|10250|222/2013 ADITIVO- 02|25/05/2014 a24/11/2014|420108/2014|10999.80|2014-06-18|VEICULAÇÃO|TV MASTER|
