2016|10|24|FMAS|1325029900|REMUNERAÇÃO DE OUTROS DEPÓSITOS DE RECURSOS NÃO VINCULADOS|TRANSFERÊNCIA DE RECURSOS DO FNAS|15702.86|2017-01-16|0|Arrecadacao de Receita
2016|8|6|IPM|1922100100|COMPENSAÇÕES FINANCEIRAS ENTRE O REGIME GERAL E OS REGIMES PRÓPRIOS DA PREVIDÊNCIA DOS SERVIDORES - PRINCIPAL (FUNFIN)|RECEITAS DO FUNDO PREVIDENCIÁRIO  FINANCEIRO - FUNFIN|879488.40|2017-01-16|0|Arrecadacao de Receita
2016|6|1|PMJP|1121260000|TAXA DE PUBLICIDADE COMERCIAL|RECURSOS ORDINÁRIOS|19973.76|2017-01-16|0|Arrecadacao de Receita
2016|12|43|FUNDERM|1990990000|OUTRAS RECEITAS|RECURSOS DIRETAMENTE ARRECADADOS|63272.90|2017-01-16|0|Arrecadacao de Receita
2016|10|6|IPM|1210290100|CONTRIBUIÇÃO PATRONAL DE SERVIDOR ATIVO CIVIL PARA O REGIME PRÓPRIO (FUNFIN)|RECEITAS DO FUNDO PREVIDENCIÁRIO  FINANCEIRO - FUNFIN|1151.90|2017-01-16|0|Arrecadacao de Receita
2016|11|1|PMJP|1121310000|TAXA DE UTILIZAÇÃO DE ÁREA DE DOMÍNIO PÚBLICO|RECURSOS ORDINÁRIOS|120413.09|2017-01-16|0|Arrecadacao de Receita
2016|2|14|FMDCA|1990990000|OUTRAS RECEITAS|RECURSOS DIRETAMENTE ARRECADADOS|880.00|2017-01-16|0|Arrecadacao de Receita
2016|3|1|PMJP|1311000000|ALUGUÉIS|RECURSOS ORDINÁRIOS|11677.71|2017-01-16|0|Arrecadacao de Receita
2016|9|1|PMJP|1230000000|CONTRIBUIÇÃO PARA O CUSTEIO DO SERVIÇO DE ILUMINAÇÃO PÚBLICA|RECURSOS ORDINÁRIOS|2721702.05|2017-01-16|0|Arrecadacao de Receita
2016|12|1|PMJP|1121990200|TAXA PELO EXERCÍCIO DE LOTEAMENTO E ARRUAMENTO|RECURSOS ORDINÁRIOS|247.43|2017-01-16|0|Arrecadacao de Receita
2016|1|46|FUNDO MUNICIPAL DOS DIREITOS DA MULHER|1762990000|OUTRAS TRANSFERÊNCIAS DE CONVÊNIO DOS ESTADOS|TRANSF. DE CONVÊNIOS - REC. DO ESTADO - ADM. INDIRETA E FUNDOS|5000.00|2017-01-16|0|Previsao de Receita
2016|5|13|FMS|1721331000|REDE DE SAÚDE MENTAL|SISTEMA ÚNICO DE SAÚDE - SUS|486429.73|2017-01-16|0|Arrecadacao de Receita
2016|5|1|PMJP|1722223000|COTA-PARTE ROYALTIES - COMPENSAÇÃO FINANCEIRA PELA PRODUÇÃO DO PETRÓLEO - LEI Nº 7.990/89 ART. 9º|RECURSOS ORDINÁRIOS|235305.67|2017-01-16|0|Arrecadacao de Receita
2016|12|35|FUNDO MUNICIPAL  DE URBANIZAÇÃO - FUNDURB|1121999900|OUTRAS TAXAS PELO EXERCÍCIO DO PODER DE POLÍCIA|RECURSOS DIRETAMENTE ARRECADADOS|438423.15|2017-01-16|0|Arrecadacao de Receita
2016|11|1|PMJP|1990990000|OUTRAS RECEITAS|RECURSOS ORDINÁRIOS|734255.43|2017-01-16|0|Arrecadacao de Receita
2016|5|1|PMJP|1921990000|OUTRAS INDENIZAÇÕES|RECURSOS ORDINÁRIOS|30983.27|2017-01-16|0|Arrecadacao de Receita
2016|8|6|IPM|1210290100|CONTRIBUIÇÃO PATRONAL DE SERVIDOR ATIVO CIVIL PARA O REGIME PRÓPRIO (FUNFIN)|RECEITAS DO FUNDO PREVIDENCIÁRIO  FINANCEIRO - FUNFIN|1587.25|2017-01-16|0|Arrecadacao de Receita
2016|1|1|PMJP|2471990000|OUTRAS TRANSFERÊNCIAS DE CONVÊNIOS DA UNIÃO|TRANSF DE CONVENIO-REC DA UNIAO|213514774.00|2017-01-16|0|Previsao de Receita
2016|8|44|FUNDO MUNICIPAL DO IDOSO (FMI/JP)|1325029900|REMUNERAÇÃO DE OUTROS DEPÓSITOS DE RECURSOS NÃO VINCULADOS|RECEITAS DE CONTRIBUIÇÕES|8214.91|2017-01-16|0|Arrecadacao de Receita
2016|12|6|IPM|7210290100|CONTRIBUIÇÃO PATRONAL DO SERV. ATIVO CIVIL-INTRA-ORÇAMENTARIAS (FUNPREV)|RECEITAS DO FUNDO PREVIDENCIÁRIO CAPITALIZADO - FUNPREV|1867777.89|2017-01-16|0|Arrecadacao de Receita
2016|9|42|SEMOB|1122990300|TAXA DE VISTORIA|RECURSOS DIRETAMENTE ARRECADADOS|6374.90|2017-01-16|0|Arrecadacao de Receita
2016|7|1|PMJP|2421990000|OUTRAS TRANSFERÊNCIAS DA UNIÃO|RECURSOS ORDINÁRIOS|127333.76|2017-01-16|0|Arrecadacao de Receita
2016|9|13|FMS|1325019900|RECEITA DE REMUNERAÇÃO DE DEPÓSITOS BANCÁRIOS - OUTROS RECURSOS VINCULADOS|TRANSF. DE CONVÊNIOS - REC UNIÃO ADM. INDIRETA E FUNDOS|7242.73|2017-01-16|0|Arrecadacao de Receita
2016|8|2|EMLUR|1990990000|OUTRAS RECEITAS|RECURSOS DIRETAMENTE ARRECADADOS|18533.85|2017-01-16|0|Arrecadacao de Receita
2016|5|13|FMS|1721331400|VIGILÂNCIA SANITÁRIA|SISTEMA ÚNICO DE SAÚDE - SUS|108591.43|2017-01-16|0|Arrecadacao de Receita
2016|12|13|FMS|1325010300|RECEITA DE REMUNERAÇÃO DE DEPÓSITOS BANCÁRIOS DE RECURSOS VINCULADOS - FUNDO DE SAÚDE|SISTEMA ÚNICO DE SAÚDE - SUS|606144.64|2017-01-16|0|Arrecadacao de Receita
2016|1|44|FUNDO MUNICIPAL DO IDOSO (FMI/JP)|1764030000|RECEITAS OUTRAS FONTES DO FUNDO MUNICIPAL DO IDOSO|RECURSOS DIRETAMENTE ARRECADADOS|635000.00|2017-01-16|0|Previsao de Receita
2016|6|1|PMJP|1722223000|COTA-PARTE ROYALTIES - COMPENSAÇÃO FINANCEIRA PELA PRODUÇÃO DO PETRÓLEO - LEI Nº 7.990/89 ART. 9º|RECURSOS ORDINÁRIOS|235381.95|2017-01-16|0|Arrecadacao de Receita
2016|10|1|PMJP|9721010210|DEDUÇÕES DA RECEITA PARA FORMAÇÃO DO FUNDEB - FPM|RECURSOS ORDINÁRIOS|5301948.66|2017-01-16|0|Arrecadacao de Receita
2016|3|1|PMJP|9721010500|DEDUÇÕES DA RECEITA PARA FORMAÇÃO DO FUNDEB - ITR|RECURSOS ORDINÁRIOS|4377.51|2017-01-16|0|Arrecadacao de Receita
2016|7|14|FMDCA|1990990000|OUTRAS RECEITAS|RECURSOS DIRETAMENTE ARRECADADOS|250.00|2017-01-16|0|Arrecadacao de Receita
2016|2|1|PMJP|1724010000|TRANSF.DE REC.DO FUNDO DE MANUT. E DESENV. DA EDUCAÇÃO BÁSICA E DE VALORIZAÇÃO DOS PROFISSIONAIS DA EDUCAÇÃO - FUNDEB|RECURSOS DO FUNDEB|14974219.45|2017-01-16|0|Arrecadacao de Receita
2016|4|23|ICV|1325029900|REMUNERAÇÃO DE OUTROS DEPÓSITOS DE RECURSOS NÃO VINCULADOS|RECURSOS DIRETAMENTE ARRECADADOS|31028.52|2017-01-16|0|Arrecadacao de Receita
2016|8|42|SEMOB|1121220000|TAXA DE SERVIÇOS ADMINISTRATIVOS|RECURSOS DIRETAMENTE ARRECADADOS|7988.20|2017-01-16|0|Arrecadacao de Receita
2016|3|1|PMJP|1122020000|TAXA DE COLETA DE RESÍDUOS|RECURSOS ORDINÁRIOS|11852.78|2017-01-16|0|Arrecadacao de Receita
2016|4|1|PMJP|1122990400|OUTRAS TAXAS PELA PRESTAÇÃO DE SERVIÇOS|RECURSOS ORDINÁRIOS|4638.24|2017-01-16|0|Arrecadacao de Receita
2016|4|18|FUNDO MUNICIPAL DE DEFESA DOS DIREITOS DIFUSOS DO CONSUMIDOR|1325029900|REMUNERAÇÃO DE OUTROS DEPÓSITOS DE RECURSOS NÃO VINCULADOS|RECURSOS DIRETAMENTE ARRECADADOS|57242.39|2017-01-16|0|Arrecadacao de Receita
2016|10|1|PMJP|1112043100|IMPOSTO DE RENDA RETIDO NAS FONTES S/OS RENDIMENTOS DO TRABALHO|RECURSOS ORDINÁRIOS|3613416.77|2017-01-16|0|Arrecadacao de Receita
2016|8|1|PMJP|1230000000|CONTRIBUIÇÃO PARA O CUSTEIO DO SERVIÇO DE ILUMINAÇÃO PÚBLICA|RECURSOS ORDINÁRIOS|2761868.06|2017-01-16|0|Arrecadacao de Receita
2016|9|1|PMJP|1112020000|IMPOSTO PREDIAL E TERRITORIAL URBANO|RECURSOS ORDINÁRIOS|1459271.13|2017-01-16|0|Arrecadacao de Receita
2016|1|1|PMJP|1762990000|OUTRAS TRANSFERÊNCIAS DE CONVÊNIO DOS ESTADOS|TRANSF DE CONVENIO - REC DO ESTADO|387600.00|2017-01-16|0|Previsao de Receita
2016|8|24|FMAS|1325029900|REMUNERAÇÃO DE OUTROS DEPÓSITOS DE RECURSOS NÃO VINCULADOS|TRANSFERÊNCIA DE RECURSOS DO FNAS|27838.16|2017-01-16|0|Arrecadacao de Receita
2016|2|1|PMJP|1990990500|RECEITA DE CEMITÉRIOS|RECURSOS ORDINÁRIOS|10542.05|2017-01-16|0|Arrecadacao de Receita
2016|9|1|PMJP|1122990400|OUTRAS TAXAS PELA PRESTAÇÃO DE SERVIÇOS|RECURSOS ORDINÁRIOS|7930.79|2017-01-16|0|Arrecadacao de Receita
2016|2|18|FUNDO MUNICIPAL DE DEFESA DOS DIREITOS DIFUSOS DO CONSUMIDOR|1325029900|REMUNERAÇÃO DE OUTROS DEPÓSITOS DE RECURSOS NÃO VINCULADOS|RECURSOS DIRETAMENTE ARRECADADOS|50635.83|2017-01-16|0|Arrecadacao de Receita
2016|1|1|PMJP|1121290000|TAXA DE LICENÇA PARA EXECUÇÃO DE OBRAS|RECURSOS ORDINÁRIOS|1345584.00|2017-01-16|0|Previsao de Receita
2016|10|1|PMJP|1112080000|IMPOSTO SOBRE TRANSMISSÃO -"INTER VIVOS" DE BENS IMÓVEIS E DE DIREITOS REAIS SOBRE IMÓVEIS -  ITBI|RECURSOS ORDINÁRIOS|6527212.33|2017-01-16|0|Arrecadacao de Receita
2016|8|13|FMS|1721330300|PROGRAMA AGENTE COMUNITÁRIO DA SAÚDE - PACS|SISTEMA ÚNICO DE SAÚDE - SUS|1424670.00|2017-01-16|0|Arrecadacao de Receita
2016|4|6|IPM|1325019900|RECEITA DE REMUNERAÇÃO DE DEPÓSITOS BANCÁRIOS - RECURSOS VINCULADOS EM AÇÕES E SERVIÇOS PÚBLICOS DE SAÚDE (FUNPREV)|RECEITAS DO FUNDO PREVIDENCIÁRIO CAPITALIZADO - FUNPREV|1938460.23|2017-01-16|0|Arrecadacao de Receita
2016|1|1|PMJP|2475000000|TRANSFERÊNCIA DE CONVÊNIOS DO EXTERIOR|TRANSFERÊNCIA DE CONVÊNIOS DO EXTERIOR - RECURSOS FIRMADOS COM INSTITUIÇÕES INTERNACIONAIS|935000.00|2017-01-16|0|Previsao de Receita
2016|1|10|FUNJOPE|2471990000|OUTRAS TRANSFERÊNCIAS DE CONVÊNIOS DA UNIÃO|TRANSF. DE CONVÊNIOS - REC UNIÃO ADM. INDIRETA E FUNDOS|935000.00|2017-01-16|0|Previsao de Receita
2016|12|1|PMJP|1325019900|REMUNERAÇÃO DE DEPÓSITOS BANCÁRIOS - CONVÊNIOS|TRANSF DE CONVENIO-REC DA UNIAO|373035.81|2017-01-16|0|Arrecadacao de Receita
2016|9|6|IPM|7210290500|CONTRIBUIÇÃO PATRONAL DE PENSIONISTA CIVIL - INTRA - ORÇAMENTÁRIAS (FUNFIN)|RECEITAS DO FUNDO PREVIDENCIÁRIO  FINANCEIRO - FUNFIN|15013.68|2017-01-16|0|Arrecadacao de Receita
2016|12|35|FUNDO MUNICIPAL  DE URBANIZAÇÃO - FUNDURB|1325019900|RECEITA DE REMUNERAÇÃO DE DEPÓSITOS BANCÁRIOS - OUTROS RECURSOS VINCULADOS|RECURSOS DIRETAMENTE ARRECADADOS|1899.70|2017-01-16|0|Arrecadacao de Receita
2016|6|1|PMJP|1721350300|FNDE - PNAE - ALIMENTAÇÃO ESCOLAR|TRANSFERENCIAS DA UNIÃO - FNDE|638410.00|2017-01-16|0|Arrecadacao de Receita
2016|1|43|FUNDERM|1990990000|OUTRAS RECEITAS|RECURSOS DIRETAMENTE ARRECADADOS|5538000.00|2017-01-16|0|Previsao de Receita
2016|10|13|FMS|1721330600|TETO FINANCEIRO - MAC|SISTEMA ÚNICO DE SAÚDE - SUS|14209742.54|2017-01-16|0|Arrecadacao de Receita
2016|7|1|PMJP|1112080000|IMPOSTO SOBRE TRANSMISSÃO -"INTER VIVOS" DE BENS IMÓVEIS E DE DIREITOS REAIS SOBRE IMÓVEIS -  ITBI|RECURSOS ORDINÁRIOS|7484284.95|2017-01-16|0|Arrecadacao de Receita
2016|6|35|FUNDO MUNICIPAL  DE URBANIZAÇÃO - FUNDURB|1121999900|OUTRAS TAXAS PELO EXERCÍCIO DO PODER DE POLÍCIA|RECURSOS DIRETAMENTE ARRECADADOS|451021.55|2017-01-16|0|Arrecadacao de Receita
2016|3|1|PMJP|9721360100|DEDUÇÕES DA RECEITA PARA FORMAÇÃO DO FUNDEB - LEI COMPLEMENTAR 87/96|RECURSOS ORDINÁRIOS|6473.30|2017-01-16|0|Arrecadacao de Receita
2016|5|11|FMC|1922990000|OUTRAS RESTITUIÇÕES|RECURSOS DIRETAMENTE ARRECADADOS|25.00|2017-01-16|0|Arrecadacao de Receita
2016|7|23|ICV|1325029900|REMUNERAÇÃO DE OUTROS DEPÓSITOS DE RECURSOS NÃO VINCULADOS|RECURSOS DIRETAMENTE ARRECADADOS|37871.83|2017-01-16|0|Arrecadacao de Receita
2016|7|1|PMJP|1122990200|OUTRAS TAXAS|RECURSOS ORDINÁRIOS|54891.01|2017-01-16|0|Arrecadacao de Receita
2016|8|10|FUNJOPE|1325019900|RECEITA DE REMUNERAÇÃO DE DEPÓSITOS BANCÁRIOS - RECURSOS VINCULADOS EM AÇÕES E SERVIÇOS PÚBLICOS DE SAÚDE|TRANSF. DE CONVÊNIOS - REC UNIÃO ADM. INDIRETA E FUNDOS|4296.76|2017-01-16|0|Arrecadacao de Receita
2016|11|42|SEMOB|1919280000|MULTAS DECORRENTES DA OPERAÇÃO DE TRANSPORTE RODOVIÁRIO DE PASSAGEIROS E CARGAS|RECURSOS DIRETAMENTE ARRECADADOS|365.86|2017-01-16|0|Arrecadacao de Receita
2016|1|1|PMJP|1721350400|FNDE - PNATE - PROGRAMA NACIONAL DE TRANSPORTE ESCOLAR|TRANSFERENCIAS DA UNIÃO - FNDE|4000.00|2017-01-16|0|Previsao de Receita
2016|4|1|PMJP|1931990100|RECEITA DA DÍVIDA ATIVA DE OUTROS TRIBUTOS - PRINCIPAL|RECURSOS ORDINÁRIOS|307303.74|2017-01-16|0|Arrecadacao de Receita
2016|3|2|EMLUR|1920000000|INDENIZAÇÕES E RESTITUIÇÕES|RECURSOS DIRETAMENTE ARRECADADOS|508.50|2017-01-16|0|Arrecadacao de Receita
2016|2|42|SEMOB|1121220000|TAXA DE SERVIÇOS ADMINISTRATIVOS|RECURSOS DIRETAMENTE ARRECADADOS|9553.49|2017-01-16|0|Arrecadacao de Receita
2016|12|33|FUNDO MUNICIPAL DE APOIO AOS PEQUENOS NEGÓCIOS|2300990000|AMORTIZAÇÃO DE EMPRÉSTIMOS DIVERSOS|RECURSOS DIRETAMENTE ARRECADADOS|678138.82|2017-01-16|0|Arrecadacao de Receita
2016|7|6|IPM|1210290100|CONTRIBUIÇÃO PATRONAL DE SERVIDOR ATIVO CIVIL PARA O REGIME PRÓPRIO (FUNFIN)|RECEITAS DO FUNDO PREVIDENCIÁRIO  FINANCEIRO - FUNFIN|491.75|2017-01-16|0|Arrecadacao de Receita
2016|1|1|PMJP|1325010900|REMUNERAÇÃO DE DEPÓSITOS BANCÁRIOS DA CIDE|TRANSFERÊNCIAS DO ESTADO - CIDE|2000000.00|2017-01-16|0|Previsao de Receita
2016|6|13|FMS|1325010600|RECEITA DE REMUNERAÇÃO DE DEPÓSITOS BANCÁRIOS - RECURSOS VINCULADOS EM AÇÕES E SERVIÇOS PÚBLICOS DE SAÚDE|RECURSOS DIRETAMENTE ARRECADADOS|2405.43|2017-01-16|0|Arrecadacao de Receita
2016|6|13|FMS|1721331000|REDE DE SAÚDE MENTAL|SISTEMA ÚNICO DE SAÚDE - SUS|486429.73|2017-01-16|0|Arrecadacao de Receita
2016|5|46|FUNDO MUNICIPAL DOS DIREITOS DA MULHER|1990990000|OUTRAS RECEITAS|RECURSOS DIRETAMENTE ARRECADADOS|425.71|2017-01-16|0|Arrecadacao de Receita
2016|11|1|PMJP|1921990000|OUTRAS INDENIZAÇÕES|RECURSOS ORDINÁRIOS|27956.14|2017-01-16|0|Arrecadacao de Receita
2016|4|1|PMJP|1724020000|TRANSFERENCIAS DE RECURSOS DA COMPLEMENTAÇÃO DA UNIÃO AO FUNDO DE MANUTENÇAO E DESENVOLVIMENTO DA EDUCAÇÃO BÁSICA E DE VALORIZAÇÃO DOS PROFISSIONAIS DA EDUCAÇÃO - FUNDEB|RECURSOS DO FUNDEB|943217.27|2017-01-16|0|Arrecadacao de Receita
2016|1|6|IPM|7210290100|CONTRIBUIÇÃO PATRONAL DE SERV. ATIVO CIVIL INTRA-ORÇAMENTÁRIAS (FUNFIN)|RECEITAS DO FUNDO PREVIDENCIÁRIO  FINANCEIRO - FUNFIN|3463826.20|2017-01-16|0|Arrecadacao de Receita
2016|4|42|SEMOB|1122990200|OUTRAS TAXAS|RECURSOS DIRETAMENTE ARRECADADOS|5243.56|2017-01-16|0|Arrecadacao de Receita
2016|9|1|PMJP|1761000000|TRANSFERÊNCIAS DE CONVÊNIOS - RECURSOS DA UNIÃO|TRANSF DE CONVENIO-REC DA UNIAO|5000.00|2017-01-16|0|Arrecadacao de Receita
2016|7|13|FMS|2421010000|TRANSFERÊNCIAS DE RECURSOS DO SISTEMA ÚNICO DE SAÚDE - SUS|SISTEMA ÚNICO DE SAÚDE - SUS|450000.00|2017-01-16|0|Arrecadacao de Receita
2016|5|6|IPM|1210290700|CONTRIBUIÇÃO DO SERVIDOR ATIVO CIVIL PARA O REGIME PRÓPRIO (FUNFIN)|RECEITAS DO FUNDO PREVIDENCIÁRIO  FINANCEIRO - FUNFIN|1922709.73|2017-01-16|0|Arrecadacao de Receita
2016|4|1|PMJP|1325010200|REMUNERAÇÃO DE DEPÓSITOS BANCÁRIOS - RECEITA DE APLICAÇÃO FINANCEIRA - RECURSOS DO FUNDEB|RECURSOS DO FUNDEB|96420.50|2017-01-16|0|Arrecadacao de Receita
2016|10|13|FMS|1990990700|OUTRAS RECEITAS - FMS|RECEITAS DIVERSA|1462.76|2017-01-16|0|Arrecadacao de Receita
2016|12|42|SEMOB|1122990300|TAXA DE VISTORIA|RECURSOS DIRETAMENTE ARRECADADOS|3262.56|2017-01-16|0|Arrecadacao de Receita
2016|1|6|IPM|1325019900|RECEITA DE REMUNERAÇÃO DE DEPÓSITOS BANCÁRIOS - RECURSOS VINCULADOS EM AÇÕES E SERVIÇOS PÚBLICOS DE SAÚDE (FUNFIN)|RECEITAS DO FUNDO PREVIDENCIÁRIO  FINANCEIRO - FUNFIN|83367.33|2017-01-16|0|Arrecadacao de Receita
2016|5|13|FMS|1721330400|SAÚDE BUCAL|SISTEMA ÚNICO DE SAÚDE - SUS|389135.00|2017-01-16|0|Arrecadacao de Receita
2016|1|35|FUNDO MUNICIPAL  DE URBANIZAÇÃO - FUNDURB|1761000000|TRANSFERÊNCIAS DE CONVÊNIOS - RECURSOS DA UNIÃO|TRANSF. DE CONVÊNIOS - REC UNIÃO ADM. INDIRETA E FUNDOS|30000.00|2017-01-16|0|Previsao de Receita
2016|4|6|IPM|1210290900|CONTRIBUIÇÕES DO SERVIDOR INATIVO CIVIL PARA O REGIME PRÓPRIO (FUNFIN)|RECEITAS DO FUNDO PREVIDENCIÁRIO  FINANCEIRO - FUNFIN|133064.22|2017-01-16|0|Arrecadacao de Receita
2016|10|35|FUNDO MUNICIPAL  DE URBANIZAÇÃO - FUNDURB|1325019900|RECEITA DE REMUNERAÇÃO DE DEPÓSITOS BANCÁRIOS - OUTROS RECURSOS VINCULADOS|RECURSOS DIRETAMENTE ARRECADADOS|9676.74|2017-01-16|0|Arrecadacao de Receita
2016|8|6|IPM|1922990000|OUTRAS RESTITUIÇÕES (FUNPREV)|RECEITAS DO FUNDO PREVIDENCIÁRIO CAPITALIZADO - FUNPREV|1956.97|2017-01-16|0|Arrecadacao de Receita
2016|5|10|FUNJOPE|1325029900|REMUNERAÇÃO DE OUTROS DEPÓSITOS DE RECURSOS NÃO VINCULADOS|RECEITAS DIVERSA|2773.15|2017-01-16|0|Arrecadacao de Receita
2016|1|6|IPM|1210290700|CONTRIBUIÇÃO DO SERVIDOR ATIVO CIVIL PARA O REGIME PRÓPRIO (FUNFIN)|RECEITAS DO FUNDO PREVIDENCIÁRIO  FINANCEIRO - FUNFIN|23400000.00|2017-01-16|0|Previsao de Receita
2016|9|18|FUNDO MUNICIPAL DE DEFESA DOS DIREITOS DIFUSOS DO CONSUMIDOR|1919260200|MULTAS PREVISTAS NA LEGISLAÇÃO SOBRE DEFESA DOS DIREITOS DIFUSOS – OUTROS|RECURSOS DIRETAMENTE ARRECADADOS|256485.60|2017-01-16|0|Arrecadacao de Receita
2016|9|1|PMJP|1911380000|MULTAS E JUROS DE MORA DO IMPOSTO SOBRE A PROPRIEDADE PREDIAL E TERRIT. URBANA - IPTU|RECURSOS ORDINÁRIOS|123274.36|2017-01-16|0|Arrecadacao de Receita
2016|12|44|FUNDO MUNICIPAL DO IDOSO (FMI/JP)|1325029900|REMUNERAÇÃO DE OUTROS DEPÓSITOS DE RECURSOS NÃO VINCULADOS|RECEITAS DE CONTRIBUIÇÕES|147861.63|2017-01-16|0|Arrecadacao de Receita
2016|10|1|PMJP|9721010500|DEDUÇÕES DA RECEITA PARA FORMAÇÃO DO FUNDEB - ITR|RECURSOS ORDINÁRIOS|6471.82|2017-01-16|0|Arrecadacao de Receita
2016|1|2|EMLUR|2471990000|OUTRAS TRANSFERÊNCIAS DE CONVÊNIOS DA UNIÃO|TRANSF. DE CONVÊNIOS - REC UNIÃO ADM. INDIRETA E FUNDOS|445800.00|2017-01-16|0|Previsao de Receita
2016|9|1|PMJP|1911990100|MULTAS E JUROS DE MORA DE OUTROS TRIBUTOS|RECURSOS ORDINÁRIOS|43105.04|2017-01-16|0|Arrecadacao de Receita
2016|8|6|IPM|1210290700|CONTRIBUIÇÃO DO SERVIDOR ATIVO CIVIL PARA O REGIME PRÓPRIO (FUNFIN)|RECEITAS DO FUNDO PREVIDENCIÁRIO  FINANCEIRO - FUNFIN|1881546.42|2017-01-16|0|Arrecadacao de Receita
2016|7|13|FMS|1721331200|FUNDO DE AÇÕES ESTRATÉGICAS E COMPENSAÇÃO - FAEC|SISTEMA ÚNICO DE SAÚDE - SUS|2102531.52|2017-01-16|0|Arrecadacao de Receita
2016|7|13|FMS|1721330300|PROGRAMA AGENTE COMUNITÁRIO DA SAÚDE - PACS|SISTEMA ÚNICO DE SAÚDE - SUS|1454076.00|2017-01-16|0|Arrecadacao de Receita
2016|9|13|FMS|1721330500|NÚCLEO DE APOIO A SAÚDE DA FAMÍLIA - NASF|SISTEMA ÚNICO DE SAÚDE - SUS|660000.00|2017-01-16|0|Arrecadacao de Receita
2016|1|1|PMJP|1911380000|MULTAS E JUROS DE MORA DO IMPOSTO SOBRE A PROPRIEDADE PREDIAL E TERRIT. URBANA - IPTU|RECURSOS ORDINÁRIOS|171394.54|2017-01-16|0|Arrecadacao de Receita
2016|8|23|ICV|7600050100|SERVIÇOS HOSPITALARES|RECURSOS DIRETAMENTE ARRECADADOS|1320609.28|2017-01-16|0|Arrecadacao de Receita
2016|7|6|IPM|7210290500|CONTRIBUIÇÃO PATRONAL DE PENSIONISTA CIVIL - INTRA - ORÇAMENTÁRIAS (FUNFIN)|RECEITAS DO FUNDO PREVIDENCIÁRIO  FINANCEIRO - FUNFIN|14925.80|2017-01-16|0|Arrecadacao de Receita
2016|5|13|FMS|1721332000|OUTROS PROGRAMAS FINANCIADOS POR TRANSFERÊNCIAS FUNDO A FUNDO|SISTEMA ÚNICO DE SAÚDE - SUS|2175542.99|2017-01-16|0|Arrecadacao de Receita
2016|2|1|PMJP|1121310000|TAXA DE UTILIZAÇÃO DE ÁREA DE DOMÍNIO PÚBLICO|RECURSOS ORDINÁRIOS|114957.17|2017-01-16|0|Arrecadacao de Receita
2016|1|1|PMJP|1921990000|OUTRAS INDENIZAÇÕES|RECURSOS ORDINÁRIOS|699923.00|2017-01-16|0|Previsao de Receita
2016|11|14|FMDCA|1990990000|OUTRAS RECEITAS|RECURSOS DIRETAMENTE ARRECADADOS|2283.57|2017-01-16|0|Arrecadacao de Receita
2016|5|2|EMLUR|1390010000|RENDIMENTOS DE APLICAÇÕES FINANCEIRAS|RECURSOS DIRETAMENTE ARRECADADOS|22930.35|2017-01-16|0|Arrecadacao de Receita
2016|4|13|FMS|1325019900|RECEITA DE REMUNERAÇÃO DE DEPÓSITOS BANCÁRIOS - OUTROS RECURSOS VINCULADOS|TRANSF. DE CONVÊNIOS - REC UNIÃO ADM. INDIRETA E FUNDOS|6226.85|2017-01-16|0|Arrecadacao de Receita
2016|11|6|IPM|7210290300|CONTRIBUIÇÃO PATRINAL DE INATIVO CIVIL - INTRA-ORÇAMENTÁRIA (FUNFIN)|RECEITAS DO FUNDO PREVIDENCIÁRIO  FINANCEIRO - FUNFIN|16419.04|2017-01-16|0|Arrecadacao de Receita
2016|3|13|FMS|1325010600|RECEITA DE REMUNERAÇÃO DE DEPÓSITOS BANCÁRIOS - RECURSOS VINCULADOS EM AÇÕES E SERVIÇOS PÚBLICOS DE SAÚDE|RECURSOS DIRETAMENTE ARRECADADOS|2406.09|2017-01-16|0|Arrecadacao de Receita
2016|10|42|SEMOB|1990990000|OUTRAS RECEITAS|RECURSOS DIRETAMENTE ARRECADADOS|256.50|2017-01-16|0|Arrecadacao de Receita
2016|5|34|FUNDO MUNICIPAL DO MEIO - AMBIENTE|1121210000|TAXA DE CONTROLE E FISCALIZAÇÃO AMBIENTAL|RECURSOS DIRETAMENTE ARRECADADOS|108281.29|2017-01-16|0|Arrecadacao de Receita
2016|1|1|PMJP|1724010000|TRANSF.DE REC.DO FUNDO DE MANUT. E DESENV. DA EDUCAÇÃO BÁSICA E DE VALORIZAÇÃO DOS PROFISSIONAIS DA EDUCAÇÃO - FUNDEB|RECURSOS DO FUNDEB|14157692.31|2017-01-16|0|Arrecadacao de Receita
2016|10|10|FUNJOPE|1325029900|REMUNERAÇÃO DE OUTROS DEPÓSITOS DE RECURSOS NÃO VINCULADOS|RECEITAS DIVERSA|2744.49|2017-01-16|0|Arrecadacao de Receita
2016|10|1|PMJP|1122990400|OUTRAS TAXAS PELA PRESTAÇÃO DE SERVIÇOS|RECURSOS ORDINÁRIOS|7811.99|2017-01-16|0|Arrecadacao de Receita
2016|7|1|PMJP|1721010210|COTA - PARTE DO FPM|RECURSOS ORDINÁRIOS|33120083.78|2017-01-16|0|Arrecadacao de Receita
2016|1|34|FUNDO MUNICIPAL DO MEIO - AMBIENTE|1922990000|OUTRAS RESTITUIÇÕES|RECURSOS DIRETAMENTE ARRECADADOS|30000.00|2017-01-16|0|Previsao de Receita
2016|1|1|PMJP|1990990500|RECEITA DE CEMITÉRIOS|RECURSOS ORDINÁRIOS|126277.00|2017-01-16|0|Previsao de Receita
2016|1|35|FUNDO MUNICIPAL  DE URBANIZAÇÃO - FUNDURB|1121999900|OUTRAS TAXAS PELO EXERCÍCIO DO PODER DE POLÍCIA|RECURSOS DIRETAMENTE ARRECADADOS|9650000.00|2017-01-16|0|Previsao de Receita
2016|4|1|PMJP|1722011300|COTA-PARTE DA CONTRIBUIÇÃO DE INTERVENÇÃO NO DOMÍNIO ECONÔMICO|TRANSFERÊNCIAS DO ESTADO - CIDE|311331.94|2017-01-16|0|Arrecadacao de Receita
2016|5|1|PMJP|1113050100|IMPOSTO SOBRE SERVIÇOS DE QUALQUER NATUREZA|RECURSOS ORDINÁRIOS|15611656.38|2017-01-16|0|Arrecadacao de Receita
2016|3|34|FUNDO MUNICIPAL DO MEIO - AMBIENTE|1121210000|TAXA DE CONTROLE E FISCALIZAÇÃO AMBIENTAL|RECURSOS DIRETAMENTE ARRECADADOS|226460.44|2017-01-16|0|Arrecadacao de Receita
2016|8|1|PMJP|1722010200|COTA-PARTE DO IPVA|RECURSOS ORDINÁRIOS|6502585.62|2017-01-16|0|Arrecadacao de Receita
2016|1|1|PMJP|1121310000|TAXA DE UTILIZAÇÃO DE ÁREA DE DOMÍNIO PÚBLICO|RECURSOS ORDINÁRIOS|107449.72|2017-01-16|0|Arrecadacao de Receita
2016|2|1|PMJP|1722010200|COTA-PARTE DO IPVA|RECURSOS ORDINÁRIOS|3629688.48|2017-01-16|0|Arrecadacao de Receita
2016|4|35|FUNDO MUNICIPAL  DE URBANIZAÇÃO - FUNDURB|1121999900|OUTRAS TAXAS PELO EXERCÍCIO DO PODER DE POLÍCIA|RECURSOS DIRETAMENTE ARRECADADOS|301586.90|2017-01-16|0|Arrecadacao de Receita
2016|2|13|FMS|1721331000|REDE DE SAÚDE MENTAL|SISTEMA ÚNICO DE SAÚDE - SUS|486429.73|2017-01-16|0|Arrecadacao de Receita
2016|1|37|AGÊNCIA DE DESENVOLVIMENTO DOS PEQUENOS NEGÓCIOS|1990990600|RECEITAS ORIUNDAS DE REGIME DE PARCERIA|RECURSOS DIRETAMENTE ARRECADADOS|100000.00|2017-01-16|0|Previsao de Receita
2016|2|1|PMJP|1911990100|MULTAS E JUROS DE MORA DE OUTROS TRIBUTOS|RECURSOS ORDINÁRIOS|29925.00|2017-01-16|0|Arrecadacao de Receita
2016|1|13|FMS|1721330400|SAÚDE BUCAL|SISTEMA ÚNICO DE SAÚDE - SUS|389135.00|2017-01-16|0|Arrecadacao de Receita
2016|7|13|FMS|1721330500|NÚCLEO DE APOIO A SAÚDE DA FAMÍLIA - NASF|SISTEMA ÚNICO DE SAÚDE - SUS|680000.00|2017-01-16|0|Arrecadacao de Receita
2016|8|34|FUNDO MUNICIPAL DO MEIO - AMBIENTE|1121210000|TAXA DE CONTROLE E FISCALIZAÇÃO AMBIENTAL|RECURSOS DIRETAMENTE ARRECADADOS|136710.83|2017-01-16|0|Arrecadacao de Receita
2016|6|1|PMJP|1121250000|TAXA DE LICENÇA PARA FUNCIONAMENTO DE ESTABELECIMENTOS COMERCIAIS, INDUSTRIAIS E PRESTADORAS DE SERVIÇO|RECURSOS ORDINÁRIOS|146385.65|2017-01-16|0|Arrecadacao de Receita
2016|12|24|FMAS|1325029900|REMUNERAÇÃO DE OUTROS DEPÓSITOS DE RECURSOS NÃO VINCULADOS|TRANSFERÊNCIA DE RECURSOS DO FNAS|11198.84|2017-01-16|0|Arrecadacao de Receita
2016|1|6|IPM|1210291100|CONTRIBUIÇÕES DE PENSIONISTAS CIVIL PARA O REGIME PRÓPRIO (FUNFIN)|RECEITAS DO FUNDO PREVIDENCIÁRIO  FINANCEIRO - FUNFIN|715000.00|2017-01-16|0|Previsao de Receita
2016|9|13|FMS|1721331300|VIGILÂNCIA E PROMOÇÃO À SAÚDE|SISTEMA ÚNICO DE SAÚDE - SUS|885811.80|2017-01-16|0|Arrecadacao de Receita
2016|8|1|PMJP|1112080000|IMPOSTO SOBRE TRANSMISSÃO -"INTER VIVOS" DE BENS IMÓVEIS E DE DIREITOS REAIS SOBRE IMÓVEIS -  ITBI|RECURSOS ORDINÁRIOS|6825074.25|2017-01-16|0|Arrecadacao de Receita
2016|10|1|PMJP|9112080000|DEDUÇÃO DE IMPOSTO S/TRANSMISSAO INTER VIVOS - ITBI|RECURSOS ORDINÁRIOS|15950.74|2017-01-16|0|Arrecadacao de Receita
2016|12|6|IPM|1210291100|CONTRIBUIÇÕES DE PENSIONISTAS CIVIL PARA O REGIME PRÓPRIO (FUNFIN)|RECEITAS DO FUNDO PREVIDENCIÁRIO  FINANCEIRO - FUNFIN|103874.90|2017-01-16|0|Arrecadacao de Receita
2016|6|13|FMS|1721331500|DST/HIV/AIDS|SISTEMA ÚNICO DE SAÚDE - SUS|69328.38|2017-01-16|0|Arrecadacao de Receita
2016|12|1|PMJP|1121310000|TAXA DE UTILIZAÇÃO DE ÁREA DE DOMÍNIO PÚBLICO|RECURSOS ORDINÁRIOS|100741.04|2017-01-16|0|Arrecadacao de Receita
2016|8|1|PMJP|1322000000|DIVIDENDOS|RECURSOS ORDINÁRIOS|28375.44|2017-01-16|0|Arrecadacao de Receita
2016|7|33|FUNDO MUNICIPAL DE APOIO AOS PEQUENOS NEGÓCIOS|1990990100|OUTRAS CONTRIBUIÇÕES ECONÔMICAS - EMPREENDER - JP|RECURSOS DIRETAMENTE ARRECADADOS|416184.90|2017-01-16|0|Arrecadacao de Receita
2016|5|1|PMJP|1121990200|TAXA PELO EXERCÍCIO DE LOTEAMENTO E ARRUAMENTO|RECURSOS ORDINÁRIOS|270.66|2017-01-16|0|Arrecadacao de Receita
2016|8|13|FMS|1721331300|VIGILÂNCIA E PROMOÇÃO À SAÚDE|SISTEMA ÚNICO DE SAÚDE - SUS|512029.02|2017-01-16|0|Arrecadacao de Receita
2016|1|1|PMJP|1931110000|RECEITA DA DÍVIDA ATIVA DO IMPOSTO SOBRE A PROPRIEDADE PREDIAL E TERRITORIAL URBANA - IPTU|RECURSOS ORDINÁRIOS|593462.79|2017-01-16|0|Arrecadacao de Receita
2016|3|23|ICV|7600050100|SERVIÇOS HOSPITALARES|RECURSOS DIRETAMENTE ARRECADADOS|1238428.16|2017-01-16|0|Arrecadacao de Receita
2016|7|1|PMJP|1724010000|TRANSF.DE REC.DO FUNDO DE MANUT. E DESENV. DA EDUCAÇÃO BÁSICA E DE VALORIZAÇÃO DOS PROFISSIONAIS DA EDUCAÇÃO - FUNDEB|RECURSOS DO FUNDEB|11955449.00|2017-01-16|0|Arrecadacao de Receita
2016|8|1|PMJP|1121290000|TAXA DE LICENÇA PARA EXECUÇÃO DE OBRAS|RECURSOS ORDINÁRIOS|120236.05|2017-01-16|0|Arrecadacao de Receita
2016|4|1|PMJP|1721350100|TRANSFERÊNCIAS DO SALÁRIO EDUCAÇÃO|TRANSFERENCIAS DA UNIÃO - FNDE|443012.18|2017-01-16|0|Arrecadacao de Receita
2016|11|1|PMJP|1724020000|TRANSFERENCIAS DE RECURSOS DA COMPLEMENTAÇÃO DA UNIÃO AO FUNDO DE MANUTENÇAO E DESENVOLVIMENTO DA EDUCAÇÃO BÁSICA E DE VALORIZAÇÃO DOS PROFISSIONAIS DA EDUCAÇÃO - FUNDEB|RECURSOS DO FUNDEB|6301200.00|2017-01-16|0|Previsao de Receita
2016|8|1|PMJP|1112020000|IMPOSTO PREDIAL E TERRITORIAL URBANO|RECURSOS ORDINÁRIOS|1800054.42|2017-01-16|0|Arrecadacao de Receita
2016|1|42|SEMOB|1122990100|TAXA DE ESTACIONAMENTO|RECURSOS DIRETAMENTE ARRECADADOS|124732.50|2017-01-16|0|Arrecadacao de Receita
2016|7|13|FMS|1721331700|FARMÁCIA POPULAR|SISTEMA ÚNICO DE SAÚDE - SUS|50000.00|2017-01-16|0|Arrecadacao de Receita
2016|5|23|ICV|1325029900|REMUNERAÇÃO DE OUTROS DEPÓSITOS DE RECURSOS NÃO VINCULADOS|RECURSOS DIRETAMENTE ARRECADADOS|33865.27|2017-01-16|0|Arrecadacao de Receita
2016|8|1|PMJP|1911400000|MULTAS E JUROS DE MORA DO IMPOSTO SOBRE SERVIÇOS DE QUALQUER NATUREZA - ISS|RECURSOS ORDINÁRIOS|42896.99|2017-01-16|0|Arrecadacao de Receita
2016|1|1|PMJP|1721359903|FNDE - PROGRAMA DE FORMAÇÃO DE PROFISSIONAIS DO PROJOVEM URBANO|TRANSFERENCIAS DA UNIÃO - FNDE|2562500.00|2017-01-16|0|Arrecadacao de Receita
2016|8|1|PMJP|1121310000|TAXA DE UTILIZAÇÃO DE ÁREA DE DOMÍNIO PÚBLICO|RECURSOS ORDINÁRIOS|101806.47|2017-01-16|0|Arrecadacao de Receita
2016|1|42|SEMOB|1919150000|MULTAS PREVISTAS NA LEGISLAÇÃO DE TRÂNSITO|RECURSOS DIRETAMENTE ARRECADADOS|12470000.00|2017-01-16|0|Previsao de Receita
2016|5|13|FMS|1721330300|PROGRAMA AGENTE COMUNITÁRIO DA SAÚDE - PACS|SISTEMA ÚNICO DE SAÚDE - SUS|1425300.00|2017-01-16|0|Arrecadacao de Receita
2016|2|42|SEMOB|1919150000|MULTAS PREVISTAS NA LEGISLAÇÃO DE TRÂNSITO|RECURSOS DIRETAMENTE ARRECADADOS|798324.84|2017-01-16|0|Arrecadacao de Receita
2016|7|6|IPM|7210290300|CONTRIBUIÇÃO PATRINAL DE INATIVO CIVIL - INTRA-ORÇAMENTÁRIA (FUNFIN)|RECEITAS DO FUNDO PREVIDENCIÁRIO  FINANCEIRO - FUNFIN|16973.60|2017-01-16|0|Arrecadacao de Receita
2016|9|42|SEMOB|1121220000|TAXA DE SERVIÇOS ADMINISTRATIVOS|RECURSOS DIRETAMENTE ARRECADADOS|4016.08|2017-01-16|0|Arrecadacao de Receita
2016|2|33|FUNDO MUNICIPAL DE APOIO AOS PEQUENOS NEGÓCIOS|1990990100|OUTRAS CONTRIBUIÇÕES ECONÔMICAS - EMPREENDER - JP|RECURSOS DIRETAMENTE ARRECADADOS|135542.75|2017-01-16|0|Arrecadacao de Receita
2016|1|13|FMS|1721331200|FUNDO DE AÇÕES ESTRATÉGICAS E COMPENSAÇÃO - FAEC|SISTEMA ÚNICO DE SAÚDE - SUS|42706249.00|2017-01-16|0|Previsao de Receita
2016|1|41|FUNDO MUNICIPAL DE TURISMO - FUMTUR|1761990000|OUTRAS TRANSFERÊNCIAS DE CONVÊNIOS DA UNIÃO|TRANSF. DE CONVÊNIOS - REC UNIÃO ADM. INDIRETA E FUNDOS|800000.00|2017-01-16|0|Previsao de Receita
2016|2|46|FUNDO MUNICIPAL DOS DIREITOS DA MULHER|1990990000|OUTRAS RECEITAS|RECURSOS DIRETAMENTE ARRECADADOS|200.20|2017-01-16|0|Arrecadacao de Receita
2016|1|13|FMS|1764020000|TRANSFERENCIAS DE CONVÊNIOS - REC. DE INSTITUIÇÕES PRIVADAS - FMS|TRANSF. DE CONVÊNIOS - ADM.INDIRETA - REC. DE INST. PRIVADAS|101800.00|2017-01-16|0|Previsao de Receita
2016|9|34|FUNDO MUNICIPAL DO MEIO - AMBIENTE|1325019900|REMUNERAÇÃO DE OUTROS DEPÓSITOS DE RECURSOS NÃO VINCULADOS|RECURSOS DIRETAMENTE ARRECADADOS|27220.77|2017-01-16|0|Arrecadacao de Receita
2016|7|46|FUNDO MUNICIPAL DOS DIREITOS DA MULHER|1990990000|OUTRAS RECEITAS|RECURSOS DIRETAMENTE ARRECADADOS|454.51|2017-01-16|0|Arrecadacao de Receita
2016|2|6|IPM|1210290700|CONTRIBUIÇÃO DO SERVIDOR ATIVO CIVIL PARA O REGIME PRÓPRIO (FUNPREV)|RECEITAS DO FUNDO PREVIDENCIÁRIO CAPITALIZADO - FUNPREV|1498726.94|2017-01-16|0|Arrecadacao de Receita
2016|3|13|FMS|1721330900|CEO - CENTRO DE ESPECIALIDADES ODONTOLÓGICAS|SISTEMA ÚNICO DE SAÚDE - SUS|93500.00|2017-01-16|0|Arrecadacao de Receita
2016|10|13|FMS|1325010300|RECEITA DE REMUNERAÇÃO DE DEPÓSITOS BANCÁRIOS DE RECURSOS VINCULADOS - FUNDO DE SAÚDE|SISTEMA ÚNICO DE SAÚDE - SUS|730497.27|2017-01-16|0|Arrecadacao de Receita
2016|6|33|FUNDO MUNICIPAL DE APOIO AOS PEQUENOS NEGÓCIOS|1990990100|OUTRAS CONTRIBUIÇÕES ECONÔMICAS - EMPREENDER - JP|RECURSOS DIRETAMENTE ARRECADADOS|493075.50|2017-01-16|0|Arrecadacao de Receita
2016|5|6|IPM|7210290100|CONTRIBUIÇÃO PATRONAL DO SERV. ATIVO CIVIL-INTRA-ORÇAMENTARIAS (FUNPREV)|RECEITAS DO FUNDO PREVIDENCIÁRIO CAPITALIZADO - FUNPREV|878705.81|2017-01-16|0|Arrecadacao de Receita
2016|3|1|PMJP|1722010200|COTA-PARTE DO IPVA|RECURSOS ORDINÁRIOS|5382563.89|2017-01-16|0|Arrecadacao de Receita
2016|2|42|SEMOB|1990990000|OUTRAS RECEITAS|RECURSOS DIRETAMENTE ARRECADADOS|225.00|2017-01-16|0|Arrecadacao de Receita
2016|1|2|EMLUR|1990990000|OUTRAS RECEITAS|RECURSOS DIRETAMENTE ARRECADADOS|246893.00|2017-01-16|0|Previsao de Receita
2016|1|46|FUNDO MUNICIPAL DOS DIREITOS DA MULHER|1990990000|OUTRAS RECEITAS|RECURSOS DIRETAMENTE ARRECADADOS|20000.00|2017-01-16|0|Previsao de Receita
2016|1|43|FUNDERM|1325029900|REMUNERAÇÃO DE OUTROS DEPÓSITOS DE RECURSOS NÃO VINCULADOS|RECURSOS DIRETAMENTE ARRECADADOS|16296.12|2017-01-16|0|Arrecadacao de Receita
2016|5|1|PMJP|1122020000|TAXA DE COLETA DE RESÍDUOS|RECURSOS ORDINÁRIOS|7322.11|2017-01-16|0|Arrecadacao de Receita
2016|1|6|IPM|7210290500|CONTRIBUIÇÃO PATRONAL DE PENSIONISTA CIVIL - INTRA - ORÇAMENTÁRIAS (FUNFIN)|RECEITAS DO FUNDO PREVIDENCIÁRIO  FINANCEIRO - FUNFIN|195000.00|2017-01-16|0|Previsao de Receita
2016|10|33|FUNDO MUNICIPAL DE APOIO AOS PEQUENOS NEGÓCIOS|1990990100|OUTRAS CONTRIBUIÇÕES ECONÔMICAS - EMPREENDER - JP|RECURSOS DIRETAMENTE ARRECADADOS|329249.24|2017-01-16|0|Arrecadacao de Receita
2016|8|1|PMJP|1121990200|TAXA PELO EXERCÍCIO DE LOTEAMENTO E ARRUAMENTO|RECURSOS ORDINÁRIOS|336.66|2017-01-16|0|Arrecadacao de Receita
2016|2|42|SEMOB|1919280000|MULTAS DECORRENTES DA OPERAÇÃO DE TRANSPORTE RODOVIÁRIO DE PASSAGEIROS E CARGAS|RECURSOS DIRETAMENTE ARRECADADOS|470.28|2017-01-16|0|Arrecadacao de Receita
2016|6|24|FMAS|1990990000|OUTRAS RECEITAS|RECURSOS DIRETAMENTE ARRECADADOS|1315.10|2017-01-16|0|Arrecadacao de Receita
2016|7|6|IPM|1210290700|CONTRIBUIÇÃO DO SERVIDOR ATIVO CIVIL PARA O REGIME PRÓPRIO (FUNFIN)|RECEITAS DO FUNDO PREVIDENCIÁRIO  FINANCEIRO - FUNFIN|1891574.47|2017-01-16|0|Arrecadacao de Receita
2016|5|42|SEMOB|1919280000|MULTAS DECORRENTES DA OPERAÇÃO DE TRANSPORTE RODOVIÁRIO DE PASSAGEIROS E CARGAS|RECURSOS DIRETAMENTE ARRECADADOS|9146.12|2017-01-16|0|Arrecadacao de Receita
2016|4|6|IPM|1990990000|OUTRAS RECEITAS (FUNPREV)|RECEITAS DO FUNDO PREVIDENCIÁRIO CAPITALIZADO - FUNPREV|17973.10|2017-01-16|0|Arrecadacao de Receita
2016|2|1|PMJP|1931110000|RECEITA DA DÍVIDA ATIVA DO IMPOSTO SOBRE A PROPRIEDADE PREDIAL E TERRITORIAL URBANA - IPTU|RECURSOS ORDINÁRIOS|736035.18|2017-01-16|0|Arrecadacao de Receita
2016|1|24|FMAS|1325029900|REMUNERAÇÃO DE OUTROS DEPÓSITOS DE RECURSOS NÃO VINCULADOS|TRANSFERÊNCIA DE RECURSOS DO FNAS|39681.94|2017-01-16|0|Arrecadacao de Receita
2016|6|11|FMC|1990990000|OUTRAS RECEITAS|RECURSOS DIRETAMENTE ARRECADADOS|94.87|2017-01-16|0|Arrecadacao de Receita
2016|12|14|FMDCA|1990990000|OUTRAS RECEITAS|RECURSOS DIRETAMENTE ARRECADADOS|341723.95|2017-01-16|0|Arrecadacao de Receita
2016|6|1|PMJP|9122020000|DEDUÇÃO DA TAXA DE COLETA DE RESIDUOS|RECURSOS ORDINÁRIOS|2768.24|2017-01-16|0|Arrecadacao de Receita
2016|12|1|PMJP|9721010210|DEDUÇÕES DA RECEITA PARA FORMAÇÃO DO FUNDEB - FPM|RECURSOS ORDINÁRIOS|11695289.26|2017-01-16|0|Arrecadacao de Receita
2016|4|1|PMJP|1721010500|COTA-PARTE DO ITR|RECURSOS ORDINÁRIOS|2904.17|2017-01-16|0|Arrecadacao de Receita
2016|2|1|PMJP|1122020000|TAXA DE COLETA DE RESÍDUOS|RECURSOS ORDINÁRIOS|8688.67|2017-01-16|0|Arrecadacao de Receita
2016|10|13|FMS|1721331000|REDE DE SAÚDE MENTAL|SISTEMA ÚNICO DE SAÚDE - SUS|486429.73|2017-01-16|0|Arrecadacao de Receita
2016|8|6|IPM|1990990000|OUTRAS RECEITAS (FUNPREV)|RECEITAS DO FUNDO PREVIDENCIÁRIO CAPITALIZADO - FUNPREV|20382.92|2017-01-16|0|Arrecadacao de Receita
2016|5|44|FUNDO MUNICIPAL DO IDOSO (FMI/JP)|1325029900|REMUNERAÇÃO DE OUTROS DEPÓSITOS DE RECURSOS NÃO VINCULADOS|RECEITAS DE CONTRIBUIÇÕES|7255.85|2017-01-16|0|Arrecadacao de Receita
2016|1|34|FUNDO MUNICIPAL DO MEIO - AMBIENTE|1919351000|MULTAS ADMINISTRATIVAS POR DANOS AMBIENTAIS|RECURSOS DIRETAMENTE ARRECADADOS|560000.00|2017-01-16|0|Previsao de Receita
2016|11|1|PMJP|9122020000|DEDUÇÃO DA TAXA DE COLETA DE RESIDUOS|RECURSOS ORDINÁRIOS|789.99|2017-01-16|0|Arrecadacao de Receita
2016|9|1|PMJP|9721010210|DEDUÇÕES DA RECEITA PARA FORMAÇÃO DO FUNDEB - FPM|RECURSOS ORDINÁRIOS|4367716.03|2017-01-16|0|Arrecadacao de Receita
2016|10|44|FUNDO MUNICIPAL DO IDOSO (FMI/JP)|1325029900|REMUNERAÇÃO DE OUTROS DEPÓSITOS DE RECURSOS NÃO VINCULADOS|RECEITAS DE CONTRIBUIÇÕES|7124.39|2017-01-16|0|Arrecadacao de Receita
2016|11|6|IPM|1311000000|ALUGUÉIS|RECEITAS DO FUNDO PREVIDENCIÁRIO CAPITALIZADO - FUNPREV|7040.00|2017-01-16|0|Arrecadacao de Receita
2016|10|14|FMDCA|1990990000|OUTRAS RECEITAS|RECURSOS DIRETAMENTE ARRECADADOS|1.08|2017-01-16|0|Arrecadacao de Receita
2016|3|6|IPM|1210290900|CONTRIBUIÇÕES DO SERVIDOR INATIVO CIVIL PARA O REGIME PRÓPRIO (FUNFIN)|RECEITAS DO FUNDO PREVIDENCIÁRIO  FINANCEIRO - FUNFIN|133741.51|2017-01-16|0|Arrecadacao de Receita
2016|5|1|PMJP|1122900000|TAXA DE LIMPEZA PÚBLICA|RECURSOS ORDINÁRIOS|635336.64|2017-01-16|0|Arrecadacao de Receita
2016|1|10|FUNJOPE|1921990000|OUTRAS INDENIZAÇÕES|RECEITAS DIVERSA|1000.00|2017-01-16|0|Previsao de Receita
2016|7|1|PMJP|9722010100|DEDUÇÕES DA RECEITA PARA FORMAÇÃO DO FUNDEB - ICMS|RECURSOS ORDINÁRIOS|5251516.78|2017-01-16|0|Arrecadacao de Receita
2016|7|1|PMJP|1931990100|RECEITA DA DÍVIDA ATIVA DE OUTROS TRIBUTOS - PRINCIPAL|RECURSOS ORDINÁRIOS|242190.09|2017-01-16|0|Arrecadacao de Receita
2016|5|1|PMJP|1121260000|TAXA DE PUBLICIDADE COMERCIAL|RECURSOS ORDINÁRIOS|14702.39|2017-01-16|0|Arrecadacao de Receita
2016|6|33|FUNDO MUNICIPAL DE APOIO AOS PEQUENOS NEGÓCIOS|2300990000|AMORTIZAÇÃO DE EMPRÉSTIMOS DIVERSOS|RECURSOS DIRETAMENTE ARRECADADOS|964541.61|2017-01-16|0|Arrecadacao de Receita
2016|12|13|FMS|1721330100|ATENÇÃO BÁSICA|SISTEMA ÚNICO DE SAÚDE - SUS|1423082.83|2017-01-16|0|Arrecadacao de Receita
2016|1|13|FMS|2421990000|OUTRAS TRANSFERÊNCIAS DA UNIÃO|TRANSF. DE CONVÊNIOS - REC UNIÃO ADM. INDIRETA E FUNDOS|1000.00|2017-01-16|0|Previsao de Receita
2016|1|13|FMS|1325019900|RECEITA DE REMUNERAÇÃO DE DEPÓSITOS BANCÁRIOS - OUTROS RECURSOS VINCULADOS|TRANSF. DE CONVÊNIOS - REC UNIÃO ADM. INDIRETA E FUNDOS|6196.14|2017-01-16|0|Arrecadacao de Receita
2016|1|13|FMS|1721330600|TETO FINANCEIRO - MAC|SISTEMA ÚNICO DE SAÚDE - SUS|276482543.00|2017-01-16|0|Previsao de Receita
2016|3|13|FMS|1721331000|REDE DE SAÚDE MENTAL|SISTEMA ÚNICO DE SAÚDE - SUS|486429.73|2017-01-16|0|Arrecadacao de Receita
2016|2|33|FUNDO MUNICIPAL DE APOIO AOS PEQUENOS NEGÓCIOS|2300990000|AMORTIZAÇÃO DE EMPRÉSTIMOS DIVERSOS|RECURSOS DIRETAMENTE ARRECADADOS|656940.57|2017-01-16|0|Arrecadacao de Receita
2016|1|14|FMDCA|1990990000|OUTRAS RECEITAS|RECURSOS DIRETAMENTE ARRECADADOS|1013.00|2017-01-16|0|Arrecadacao de Receita
2016|2|1|PMJP|9721360100|DEDUÇÕES DA RECEITA PARA FORMAÇÃO DO FUNDEB - LEI COMPLEMENTAR 87/96|RECURSOS ORDINÁRIOS|6473.30|2017-01-16|0|Arrecadacao de Receita
2016|11|42|SEMOB|9919150000|DEDUÇÃO MULTAS PREVISTAS NA LEGISLACAO DE TRANSITO|RECURSOS DIRETAMENTE ARRECADADOS|323.47|2017-01-16|0|Arrecadacao de Receita
2016|11|13|FMS|2421010000|TRANSFERÊNCIAS DE RECURSOS DO SISTEMA ÚNICO DE SAÚDE - SUS|SISTEMA ÚNICO DE SAÚDE - SUS|534000.00|2017-01-16|0|Arrecadacao de Receita
2016|12|23|ICV|1325029900|REMUNERAÇÃO DE OUTROS DEPÓSITOS DE RECURSOS NÃO VINCULADOS|RECURSOS DIRETAMENTE ARRECADADOS|37171.65|2017-01-16|0|Arrecadacao de Receita
2016|6|13|FMS|1721331400|VIGILÂNCIA SANITÁRIA|SISTEMA ÚNICO DE SAÚDE - SUS|10124.27|2017-01-16|0|Arrecadacao de Receita
2016|5|18|FUNDO MUNICIPAL DE DEFESA DOS DIREITOS DIFUSOS DO CONSUMIDOR|1919260200|MULTAS PREVISTAS NA LEGISLAÇÃO SOBRE DEFESA DOS DIREITOS DIFUSOS – OUTROS|RECURSOS DIRETAMENTE ARRECADADOS|127649.32|2017-01-16|0|Arrecadacao de Receita
2016|9|1|PMJP|1931130000|RECEITA DA DÍVIDA ATIVA DO IMPOSTO SOBRE SERVIÇOS DE QUALQUER NATUREZA - ISS|RECURSOS ORDINÁRIOS|27402.70|2017-01-16|0|Arrecadacao de Receita
2016|1|42|SEMOB|1922990000|OUTRAS RESTITUIÇÕES|RECURSOS DIRETAMENTE ARRECADADOS|3000.00|2017-01-16|0|Previsao de Receita
2016|10|6|IPM|1325019900|RECEITA DE REMUNERAÇÃO DE DEPÓSITOS BANCÁRIOS - RECURSOS VINCULADOS EM AÇÕES E SERVIÇOS PÚBLICOS DE SAÚDE (FUNFIN)|RECEITAS DO FUNDO PREVIDENCIÁRIO  FINANCEIRO - FUNFIN|91888.87|2017-01-16|0|Arrecadacao de Receita
2016|1|6|IPM|1210290700|CONTRIBUIÇÃO DO SERVIDOR ATIVO CIVIL PARA O REGIME PRÓPRIO (FUNPREV)|RECEITAS DO FUNDO PREVIDENCIÁRIO CAPITALIZADO - FUNPREV|761661.09|2017-01-16|0|Arrecadacao de Receita
2016|2|34|FUNDO MUNICIPAL DO MEIO - AMBIENTE|1121210000|TAXA DE CONTROLE E FISCALIZAÇÃO AMBIENTAL|RECURSOS DIRETAMENTE ARRECADADOS|173050.71|2017-01-16|0|Arrecadacao de Receita
2016|8|13|FMS|1721331800|GESTÃO DO SUS - QUALIFICAÇÃO DA GESTÃO|SISTEMA ÚNICO DE SAÚDE - SUS|313200.00|2017-01-16|0|Arrecadacao de Receita
2016|4|6|IPM|1922100100|COMPENSAÇÕES FINANCEIRAS ENTRE O REGIME GERAL E OS REGIMES PRÓPRIOS DA PREVIDÊNCIA DOS SERVIDORES - PRINCIPAL (FUNFIN)|RECEITAS DO FUNDO PREVIDENCIÁRIO  FINANCEIRO - FUNFIN|917484.34|2017-01-16|0|Arrecadacao de Receita
2016|5|6|IPM|1325019900|RECEITA DE REMUNERAÇÃO DE DEPÓSITOS BANCÁRIOS - RECURSOS VINCULADOS EM AÇÕES E SERVIÇOS PÚBLICOS DE SAÚDE (FUNPREV)|RECEITAS DO FUNDO PREVIDENCIÁRIO CAPITALIZADO - FUNPREV|709174.11|2017-01-16|0|Arrecadacao de Receita
2016|1|13|FMS|1325010600|RECEITA DE REMUNERAÇÃO DE DEPÓSITOS BANCÁRIOS - RECURSOS VINCULADOS EM AÇÕES E SERVIÇOS PÚBLICOS DE SAÚDE|RECURSOS DIRETAMENTE ARRECADADOS|2217.07|2017-01-16|0|Arrecadacao de Receita
2016|1|2|EMLUR|2219000000|ALIENAÇÃO DE OUTROS BENS MÓVEIS|RECURSOS DIRETAMENTE ARRECADADOS|9000.00|2017-01-16|0|Previsao de Receita
2016|2|1|PMJP|1112043100|IMPOSTO DE RENDA RETIDO NAS FONTES S/OS RENDIMENTOS DO TRABALHO|RECURSOS ORDINÁRIOS|3203329.73|2017-01-16|0|Arrecadacao de Receita
2016|3|13|FMS|1721330100|ATENÇÃO BÁSICA|SISTEMA ÚNICO DE SAÚDE - SUS|1423082.83|2017-01-16|0|Arrecadacao de Receita
2016|1|1|PMJP|9722010100|DEDUÇÕES DA RECEITA PARA FORMAÇÃO DO FUNDEB - ICMS|RECURSOS ORDINÁRIOS|67000000.00|2017-01-16|0|Previsao de Receita
2016|4|13|FMS|1721330100|ATENÇÃO BÁSICA|SISTEMA ÚNICO DE SAÚDE - SUS|1423082.83|2017-01-16|0|Arrecadacao de Receita
2016|10|1|PMJP|1931990100|RECEITA DA DÍVIDA ATIVA DE OUTROS TRIBUTOS - PRINCIPAL|RECURSOS ORDINÁRIOS|212309.24|2017-01-16|0|Arrecadacao de Receita
2016|6|1|PMJP|2471990000|OUTRAS TRANSFERÊNCIAS DE CONVÊNIOS DA UNIÃO|TRANSF DE CONVENIO-REC DA UNIAO|200000.00|2017-01-16|0|Arrecadacao de Receita
2016|1|13|FMS|1721331900|GESTÃO DO SUS - IMPLANTAÇÃO DE AÇÕES E SERVIÇOS DE SAÚDE|SISTEMA ÚNICO DE SAÚDE - SUS|48000.00|2017-01-16|0|Arrecadacao de Receita
2016|1|44|FUNDO MUNICIPAL DO IDOSO (FMI/JP)|1325029900|REMUNERAÇÃO DE OUTROS DEPÓSITOS DE RECURSOS NÃO VINCULADOS|RECEITAS DE CONTRIBUIÇÕES|6618.45|2017-01-16|0|Arrecadacao de Receita
2016|2|23|ICV|1325029900|REMUNERAÇÃO DE OUTROS DEPÓSITOS DE RECURSOS NÃO VINCULADOS|RECURSOS DIRETAMENTE ARRECADADOS|32313.86|2017-01-16|0|Arrecadacao de Receita
2016|6|43|FUNDERM|1325029900|REMUNERAÇÃO DE OUTROS DEPÓSITOS DE RECURSOS NÃO VINCULADOS|RECURSOS DIRETAMENTE ARRECADADOS|19376.78|2017-01-16|0|Arrecadacao de Receita
2016|1|1|PMJP|1325029900|REMUNERAÇÃO DE OUTROS DEPÓSITOS DE RECURSOS NÃO VINCULADOS|RECURSOS ORDINÁRIOS|235445.45|2017-01-16|0|Arrecadacao de Receita
2016|6|10|FUNJOPE|1325019900|RECEITA DE REMUNERAÇÃO DE DEPÓSITOS BANCÁRIOS - RECURSOS VINCULADOS EM AÇÕES E SERVIÇOS PÚBLICOS DE SAÚDE|TRANSF. DE CONVÊNIOS - REC UNIÃO ADM. INDIRETA E FUNDOS|4229.53|2017-01-16|0|Arrecadacao de Receita
2016|4|34|FUNDO MUNICIPAL DO MEIO - AMBIENTE|1121210000|TAXA DE CONTROLE E FISCALIZAÇÃO AMBIENTAL|RECURSOS DIRETAMENTE ARRECADADOS|107588.76|2017-01-16|0|Arrecadacao de Receita
2016|8|42|SEMOB|9919150000|DEDUÇÃO MULTAS PREVISTAS NA LEGISLACAO DE TRANSITO|RECURSOS DIRETAMENTE ARRECADADOS|4347.94|2017-01-16|0|Arrecadacao de Receita
2016|6|24|FMAS|1325029900|REMUNERAÇÃO DE OUTROS DEPÓSITOS DE RECURSOS NÃO VINCULADOS|TRANSFERÊNCIA DE RECURSOS DO FNAS|29580.67|2017-01-16|0|Arrecadacao de Receita
2016|4|1|PMJP|1121250000|TAXA DE LICENÇA PARA FUNCIONAMENTO DE ESTABELECIMENTOS COMERCIAIS, INDUSTRIAIS E PRESTADORAS DE SERVIÇO|RECURSOS ORDINÁRIOS|102569.29|2017-01-16|0|Arrecadacao de Receita
2016|7|13|FMS|1721330700|SAMU - SERVIÇO DE ATENDIMENTO MÓVEL ÀS URGÊNCIAS|SISTEMA ÚNICO DE SAÚDE - SUS|475475.00|2017-01-16|0|Arrecadacao de Receita
2016|6|1|PMJP|9113050100|IMPOSTO SOBRE SERVIÇOS DE QUALQUER NATUREZA|RECURSOS ORDINÁRIOS|53603.16|2017-01-16|0|Arrecadacao de Receita
2016|8|14|FMDCA|1325029900|REMUNERAÇÃO DE OUTROS DEPÓSITOS DE RECURSOS NÃO VINCULADOS|RECURSOS DIRETAMENTE ARRECADADOS|531.69|2017-01-16|0|Arrecadacao de Receita
2016|1|42|SEMOB|1122990200|OUTRAS TAXAS|RECURSOS DIRETAMENTE ARRECADADOS|4863.30|2017-01-16|0|Arrecadacao de Receita
2016|9|13|FMS|1721330600|TETO FINANCEIRO - MAC|SISTEMA ÚNICO DE SAÚDE - SUS|14212695.00|2017-01-16|0|Arrecadacao de Receita
2016|11|33|FUNDO MUNICIPAL DE APOIO AOS PEQUENOS NEGÓCIOS|1325029900|REMUNERAÇÃO DE OUTROS DEPÓSITOS DE RECURSOS NÃO VINCULADOS|RECURSOS DIRETAMENTE ARRECADADOS|116695.04|2017-01-16|0|Arrecadacao de Receita
2016|4|10|FUNJOPE|1325029900|REMUNERAÇÃO DE OUTROS DEPÓSITOS DE RECURSOS NÃO VINCULADOS|RECEITAS DIVERSA|1153.76|2017-01-16|0|Arrecadacao de Receita
2016|5|13|FMS|1721330600|TETO FINANCEIRO - MAC|SISTEMA ÚNICO DE SAÚDE - SUS|14298337.22|2017-01-16|0|Arrecadacao de Receita
2016|11|1|PMJP|1112080000|IMPOSTO SOBRE TRANSMISSÃO -"INTER VIVOS" DE BENS IMÓVEIS E DE DIREITOS REAIS SOBRE IMÓVEIS -  ITBI|RECURSOS ORDINÁRIOS|8071518.79|2017-01-16|0|Arrecadacao de Receita
2016|4|1|PMJP|1931110000|RECEITA DA DÍVIDA ATIVA DO IMPOSTO SOBRE A PROPRIEDADE PREDIAL E TERRITORIAL URBANA - IPTU|RECURSOS ORDINÁRIOS|867161.72|2017-01-16|0|Arrecadacao de Receita
2016|3|35|FUNDO MUNICIPAL  DE URBANIZAÇÃO - FUNDURB|1325019900|RECEITA DE REMUNERAÇÃO DE DEPÓSITOS BANCÁRIOS - OUTROS RECURSOS VINCULADOS|RECURSOS DIRETAMENTE ARRECADADOS|7068.88|2017-01-16|0|Arrecadacao de Receita
2016|3|42|SEMOB|1919280000|MULTAS DECORRENTES DA OPERAÇÃO DE TRANSPORTE RODOVIÁRIO DE PASSAGEIROS E CARGAS|RECURSOS DIRETAMENTE ARRECADADOS|17548.88|2017-01-16|0|Arrecadacao de Receita
2016|6|1|PMJP|1311000000|ALUGUÉIS|RECURSOS ORDINÁRIOS|10177.71|2017-01-16|0|Arrecadacao de Receita
2016|2|1|PMJP|9722010100|DEDUÇÕES DA RECEITA PARA FORMAÇÃO DO FUNDEB - ICMS|RECURSOS ORDINÁRIOS|4213965.95|2017-01-16|0|Arrecadacao de Receita
2016|5|13|FMS|1721330100|ATENÇÃO BÁSICA|SISTEMA ÚNICO DE SAÚDE - SUS|1423082.83|2017-01-16|0|Arrecadacao de Receita
2016|6|1|PMJP|1761000000|TRANSFERÊNCIAS DE CONVÊNIOS - RECURSOS DA UNIÃO|TRANSF DE CONVENIO-REC DA UNIAO|121622.34|2017-01-16|0|Arrecadacao de Receita
2016|7|18|FUNDO MUNICIPAL DE DEFESA DOS DIREITOS DIFUSOS DO CONSUMIDOR|1325029900|REMUNERAÇÃO DE OUTROS DEPÓSITOS DE RECURSOS NÃO VINCULADOS|RECURSOS DIRETAMENTE ARRECADADOS|64821.11|2017-01-16|0|Arrecadacao de Receita
2016|12|11|FMC|1990990000|OUTRAS RECEITAS|RECURSOS DIRETAMENTE ARRECADADOS|46.02|2017-01-16|0|Arrecadacao de Receita
2016|8|42|SEMOB|1122990200|OUTRAS TAXAS|RECURSOS DIRETAMENTE ARRECADADOS|8947.70|2017-01-16|0|Arrecadacao de Receita
2016|1|1|PMJP|2474000000|TRANFERÊNCIAS DE CONVÊNIOS - RECURSOS DE INSTITUIÇÕES PRIVADAS|TRANSF. DE CONVENIO - REC. DE INSTITUIÇOES PRIVADAS|20000.00|2017-01-16|0|Previsao de Receita
2016|1|1|PMJP|1721359904|FNDE - PEJA - PROGRAMA DE APOIO AO SISTEMA ENSINO/EJA|TRANSFERENCIAS DA UNIÃO - FNDE|150000.00|2017-01-16|0|Previsao de Receita
2016|5|6|IPM|7210290300|CONTRIBUIÇÃO PATRINAL DE INATIVO CIVIL - INTRA-ORÇAMENTÁRIA (FUNFIN)|RECEITAS DO FUNDO PREVIDENCIÁRIO  FINANCEIRO - FUNFIN|18391.00|2017-01-16|0|Arrecadacao de Receita
2016|1|43|FUNDERM|1990990000|OUTRAS RECEITAS|RECURSOS DIRETAMENTE ARRECADADOS|168808.34|2017-01-16|0|Arrecadacao de Receita
2016|5|11|FMC|1990990000|OUTRAS RECEITAS|RECURSOS DIRETAMENTE ARRECADADOS|177.11|2017-01-16|0|Arrecadacao de Receita
2016|1|13|FMS|1325010300|RECEITA DE REMUNERAÇÃO DE DEPÓSITOS BANCÁRIOS  DE RECURSOS VINCULADOS  - FUNDO DE SAÚDE|TRANSF. DE RECURSO DO ESTADO PARA PROGRAMA DE SAÚDE|190109.61|2017-01-16|0|Arrecadacao de Receita
2016|12|1|PMJP|1990990000|OUTRAS RECEITAS|RECURSOS ORDINÁRIOS|605453.02|2017-01-16|0|Arrecadacao de Receita
2016|1|13|FMS|1325010300|RECEITA DE REMUNERAÇÃO DE DEPÓSITOS BANCÁRIOS DE RECURSOS VINCULADOS - FUNDO DE SAÚDE|SISTEMA ÚNICO DE SAÚDE - SUS|7541852.00|2017-01-16|0|Previsao de Receita
2016|12|2|EMLUR|1390010000|RENDIMENTOS DE APLICAÇÕES FINANCEIRAS|RECURSOS DIRETAMENTE ARRECADADOS|9919.37|2017-01-16|0|Arrecadacao de Receita
2016|7|1|PMJP|1122020000|TAXA DE COLETA DE RESÍDUOS|RECURSOS ORDINÁRIOS|8721.57|2017-01-16|0|Arrecadacao de Receita
2016|11|13|FMS|1990990700|OUTRAS RECEITAS - FMS|RECEITAS DIVERSA|845.64|2017-01-16|0|Arrecadacao de Receita
2016|6|13|FMS|1722330000|TRANSFERÊNCIA DE RECURSOS DO ESTADO PARA PROGRAMAS DE SAÚDE|TRANSF. DE RECURSO DO ESTADO PARA PROGRAMA DE SAÚDE|1013873.90|2017-01-16|0|Arrecadacao de Receita
2016|9|1|PMJP|1325010200|REMUNERAÇÃO DE DEPÓSITOS BANCÁRIOS - RECEITA DE APLICAÇÃO FINANCEIRA - RECURSOS DO FUNDEB|RECURSOS DO FUNDEB|30116.98|2017-01-16|0|Arrecadacao de Receita
2016|9|2|EMLUR|1990990000|OUTRAS RECEITAS|RECURSOS DIRETAMENTE ARRECADADOS|7825.46|2017-01-16|0|Arrecadacao de Receita
2016|10|13|FMS|1721330200|SAÚDE DA FAMÍLIA - PSF|SISTEMA ÚNICO DE SAÚDE - SUS|2482400.00|2017-01-16|0|Arrecadacao de Receita
2016|5|1|PMJP|9721010210|DEDUÇÕES DA RECEITA PARA FORMAÇÃO DO FUNDEB - FPM|RECURSOS ORDINÁRIOS|7230638.68|2017-01-16|0|Arrecadacao de Receita
2016|10|13|FMS|1721330400|SAÚDE BUCAL|SISTEMA ÚNICO DE SAÚDE - SUS|798340.00|2017-01-16|0|Arrecadacao de Receita
2016|4|33|FUNDO MUNICIPAL DE APOIO AOS PEQUENOS NEGÓCIOS|2300990000|AMORTIZAÇÃO DE EMPRÉSTIMOS DIVERSOS|RECURSOS DIRETAMENTE ARRECADADOS|691203.20|2017-01-16|0|Arrecadacao de Receita
2016|11|1|PMJP|1911400000|MULTAS E JUROS DE MORA DO IMPOSTO SOBRE SERVIÇOS DE QUALQUER NATUREZA - ISS|RECURSOS ORDINÁRIOS|18701.55|2017-01-16|0|Arrecadacao de Receita
2016|9|1|PMJP|1721990000|OUTRAS TRANSFERÊNCIAS DA UNIAO|RECURSOS ORDINÁRIOS|5125.64|2017-01-16|0|Arrecadacao de Receita
2016|11|1|PMJP|1121290000|TAXA DE LICENÇA PARA EXECUÇÃO DE OBRAS|RECURSOS ORDINÁRIOS|69583.94|2017-01-16|0|Arrecadacao de Receita
2016|10|1|PMJP|1721010210|COTA - PARTE DO FPM|RECURSOS ORDINÁRIOS|26509743.47|2017-01-16|0|Arrecadacao de Receita
2016|6|13|FMS|1721330600|TETO FINANCEIRO - MAC|SISTEMA ÚNICO DE SAÚDE - SUS|14273367.64|2017-01-16|0|Arrecadacao de Receita
2016|11|1|PMJP|9112080000|DEDUÇÃO DE IMPOSTO S/TRANSMISSAO INTER VIVOS - ITBI|RECURSOS ORDINÁRIOS|15600.03|2017-01-16|0|Arrecadacao de Receita
2016|1|13|FMS|1721330300|PROGRAMA AGENTE COMUNITÁRIO DA SAÚDE - PACS|SISTEMA ÚNICO DE SAÚDE - SUS|28525585.00|2017-01-16|0|Previsao de Receita
2016|1|13|FMS|1325019900|RECEITA DE REMUNERAÇÃO DE DEPÓSITOS BANCÁRIOS - OUTROS RECURSOS VINCULADOS|TRANSF. DE CONVÊNIOS - REC UNIÃO ADM. INDIRETA E FUNDOS|4653000.00|2017-01-16|0|Previsao de Receita
2016|1|34|FUNDO MUNICIPAL DO MEIO - AMBIENTE|1990990000|OUTRAS RECEITAS|RECURSOS DIRETAMENTE ARRECADADOS|29000.00|2017-01-16|0|Previsao de Receita
2016|11|46|FUNDO MUNICIPAL DOS DIREITOS DA MULHER|1990990000|OUTRAS RECEITAS|RECURSOS DIRETAMENTE ARRECADADOS|433.02|2017-01-16|0|Arrecadacao de Receita
2016|1|1|PMJP|1722011300|COTA-PARTE DA CONTRIBUIÇÃO DE INTERVENÇÃO NO DOMÍNIO ECONÔMICO|TRANSFERÊNCIAS DO ESTADO - CIDE|3000000.00|2017-01-16|0|Previsao de Receita
2016|6|34|FUNDO MUNICIPAL DO MEIO - AMBIENTE|1121210000|TAXA DE CONTROLE E FISCALIZAÇÃO AMBIENTAL|RECURSOS DIRETAMENTE ARRECADADOS|157668.21|2017-01-16|0|Arrecadacao de Receita
2016|12|6|IPM|1325019900|RECEITA DE REMUNERAÇÃO DE DEPÓSITOS BANCÁRIOS - RECURSOS VINCULADOS EM AÇÕES E SERVIÇOS PÚBLICOS DE SAÚDE (FUNPREV)|RECEITAS DO FUNDO PREVIDENCIÁRIO CAPITALIZADO - FUNPREV|1466081.07|2017-01-16|0|Arrecadacao de Receita
2016|7|13|FMS|1721331500|DST/HIV/AIDS|SISTEMA ÚNICO DE SAÚDE - SUS|69328.38|2017-01-16|0|Arrecadacao de Receita
2016|7|2|EMLUR|1390010000|RENDIMENTOS DE APLICAÇÕES FINANCEIRAS|RECURSOS DIRETAMENTE ARRECADADOS|12869.06|2017-01-16|0|Arrecadacao de Receita
2016|7|1|PMJP|2119000000|OUTRAS OPERAÇÕES DE CRÉDITO INTERNAS|OPERACOES DE CREDITOS INTERNAS|601457.81|2017-01-16|0|Arrecadacao de Receita
2016|8|1|PMJP|1112043100|IMPOSTO DE RENDA RETIDO NAS FONTES S/OS RENDIMENTOS DO TRABALHO|RECURSOS ORDINÁRIOS|3424555.31|2017-01-16|0|Arrecadacao de Receita
2016|3|6|IPM|7210290100|CONTRIBUIÇÃO PATRONAL DO SERV. ATIVO CIVIL-INTRA-ORÇAMENTARIAS (FUNPREV)|RECEITAS DO FUNDO PREVIDENCIÁRIO CAPITALIZADO - FUNPREV|783848.51|2017-01-16|0|Arrecadacao de Receita
2016|6|1|PMJP|1722010100|COTA - PARTE  DO  ICMS|RECURSOS ORDINÁRIOS|26379841.94|2017-01-16|0|Arrecadacao de Receita
2016|12|1|PMJP|1122900000|TAXA DE LIMPEZA PÚBLICA|RECURSOS ORDINÁRIOS|474961.77|2017-01-16|0|Arrecadacao de Receita
2016|3|1|PMJP|1122990400|OUTRAS TAXAS PELA PRESTAÇÃO DE SERVIÇOS|RECURSOS ORDINÁRIOS|4090.88|2017-01-16|0|Arrecadacao de Receita
2016|10|42|SEMOB|9919150000|DEDUÇÃO MULTAS PREVISTAS NA LEGISLACAO DE TRANSITO|RECURSOS DIRETAMENTE ARRECADADOS|1123.65|2017-01-16|0|Arrecadacao de Receita
2016|7|34|FUNDO MUNICIPAL DO MEIO - AMBIENTE|1325019900|REMUNERAÇÃO DE OUTROS DEPÓSITOS DE RECURSOS NÃO VINCULADOS|RECURSOS DIRETAMENTE ARRECADADOS|25401.34|2017-01-16|0|Arrecadacao de Receita
2016|2|2|EMLUR|1122900000|TAXA DE LIMPEZA PÚBLICA|RECURSOS DIRETAMENTE ARRECADADOS|107698.86|2017-01-16|0|Arrecadacao de Receita
2016|9|1|PMJP|1911400000|MULTAS E JUROS DE MORA DO IMPOSTO SOBRE SERVIÇOS DE QUALQUER NATUREZA - ISS|RECURSOS ORDINÁRIOS|9612.89|2017-01-16|0|Arrecadacao de Receita
2016|6|18|FUNDO MUNICIPAL DE DEFESA DOS DIREITOS DIFUSOS DO CONSUMIDOR|1919260200|MULTAS PREVISTAS NA LEGISLAÇÃO SOBRE DEFESA DOS DIREITOS DIFUSOS – OUTROS|RECURSOS DIRETAMENTE ARRECADADOS|178865.17|2017-01-16|0|Arrecadacao de Receita
2016|8|13|FMS|1721330100|ATENÇÃO BÁSICA|SISTEMA ÚNICO DE SAÚDE - SUS|1423082.83|2017-01-16|0|Arrecadacao de Receita
2016|10|1|PMJP|9112020000|DEDUÇÃO DE IMPOSTO PREDIAL E TERRITORIAL URBANO|RECURSOS ORDINÁRIOS|283.77|2017-01-16|0|Arrecadacao de Receita
2016|11|1|PMJP|1722223000|COTA-PARTE ROYALTIES - COMPENSAÇÃO FINANCEIRA PELA PRODUÇÃO DO PETRÓLEO - LEI Nº 7.990/89 ART. 9º|RECURSOS ORDINÁRIOS|319846.78|2017-01-16|0|Arrecadacao de Receita
2016|10|13|FMS|1325010300|RECEITA DE REMUNERAÇÃO DE DEPÓSITOS BANCÁRIOS  DE RECURSOS VINCULADOS  - FUNDO DE SAÚDE|TRANSF. DE RECURSO DO ESTADO PARA PROGRAMA DE SAÚDE|100167.21|2017-01-16|0|Arrecadacao de Receita
2016|8|1|PMJP|2471990000|OUTRAS TRANSFERÊNCIAS DE CONVÊNIOS DA UNIÃO|TRANSF DE CONVENIO-REC DA UNIAO|550130.72|2017-01-16|0|Arrecadacao de Receita
2016|1|34|FUNDO MUNICIPAL DO MEIO - AMBIENTE|1122990400|OUTRAS TAXAS PELA PRESTAÇÃO DE SERVIÇOS|RECURSOS DIRETAMENTE ARRECADADOS|30000.00|2017-01-16|0|Previsao de Receita
2016|9|1|PMJP|1990990000|OUTRAS RECEITAS|RECURSOS ORDINÁRIOS|510696.51|2017-01-16|0|Arrecadacao de Receita
2016|1|13|FMS|1721331500|DST/HIV/AIDS|SISTEMA ÚNICO DE SAÚDE - SUS|2093839.00|2017-01-16|0|Previsao de Receita
2016|12|1|PMJP|1722010200|COTA-PARTE DO IPVA|RECURSOS ORDINÁRIOS|1706583.39|2017-01-16|0|Arrecadacao de Receita
2016|6|13|FMS|1721332000|OUTROS PROGRAMAS FINANCIADOS POR TRANSFERÊNCIAS FUNDO A FUNDO|SISTEMA ÚNICO DE SAÚDE - SUS|3963642.99|2017-01-16|0|Arrecadacao de Receita
2016|4|1|PMJP|1722010200|COTA-PARTE DO IPVA|RECURSOS ORDINÁRIOS|5086498.05|2017-01-16|0|Arrecadacao de Receita
2016|7|1|PMJP|1761000000|TRANSFERÊNCIAS DE CONVÊNIOS - RECURSOS DA UNIÃO|TRANSF DE CONVENIO-REC DA UNIAO|700000.00|2017-01-16|0|Previsao de Receita
2016|3|1|PMJP|1911380000|MULTAS E JUROS DE MORA DO IMPOSTO SOBRE A PROPRIEDADE PREDIAL E TERRIT. URBANA - IPTU|RECURSOS ORDINÁRIOS|241310.42|2017-01-16|0|Arrecadacao de Receita
2016|10|6|IPM|1325019900|RECEITA DE REMUNERAÇÃO DE DEPÓSITOS BANCÁRIOS - RECURSOS VINCULADOS EM AÇÕES E SERVIÇOS PÚBLICOS DE SAÚDE (FUNPREV)|RECEITAS DO FUNDO PREVIDENCIÁRIO CAPITALIZADO - FUNPREV|808333.17|2017-01-16|0|Arrecadacao de Receita
2016|1|34|FUNDO MUNICIPAL DO MEIO - AMBIENTE|1325019900|REMUNERAÇÃO DE OUTROS DEPÓSITOS DE RECURSOS NÃO VINCULADOS|RECURSOS DIRETAMENTE ARRECADADOS|95000.00|2017-01-16|0|Previsao de Receita
2016|2|6|IPM|1210290100|CONTRIBUIÇÃO PATRONAL DE SERVIDOR ATIVO CIVIL PARA O REGIME PRÓPRIO (FUNFIN)|RECEITAS DO FUNDO PREVIDENCIÁRIO  FINANCEIRO - FUNFIN|927.11|2017-01-16|0|Arrecadacao de Receita
2016|7|1|PMJP|1122990400|OUTRAS TAXAS PELA PRESTAÇÃO DE SERVIÇOS|RECURSOS ORDINÁRIOS|5839.45|2017-01-16|0|Arrecadacao de Receita
2016|12|6|IPM|1210290700|CONTRIBUIÇÃO DO SERVIDOR ATIVO CIVIL PARA O REGIME PRÓPRIO (FUNFIN)|RECEITAS DO FUNDO PREVIDENCIÁRIO  FINANCEIRO - FUNFIN|3796478.65|2017-01-16|0|Arrecadacao de Receita
2016|9|1|PMJP|1122900000|TAXA DE LIMPEZA PÚBLICA|RECURSOS ORDINÁRIOS|409391.75|2017-01-16|0|Arrecadacao de Receita
2016|6|1|PMJP|1722010200|COTA-PARTE DO IPVA|RECURSOS ORDINÁRIOS|5622900.73|2017-01-16|0|Arrecadacao de Receita
2016|4|1|PMJP|9721360100|DEDUÇÕES DA RECEITA PARA FORMAÇÃO DO FUNDEB - LEI COMPLEMENTAR 87/96|RECURSOS ORDINÁRIOS|6473.30|2017-01-16|0|Arrecadacao de Receita
2016|6|42|SEMOB|1121220000|TAXA DE SERVIÇOS ADMINISTRATIVOS|RECURSOS DIRETAMENTE ARRECADADOS|6176.44|2017-01-16|0|Arrecadacao de Receita
2016|1|1|PMJP|1311000000|ALUGUÉIS|RECURSOS ORDINÁRIOS|114616.00|2017-01-16|0|Previsao de Receita
2016|7|13|FMS|1721332000|OUTROS PROGRAMAS FINANCIADOS POR TRANSFERÊNCIAS FUNDO A FUNDO|SISTEMA ÚNICO DE SAÚDE - SUS|5718242.99|2017-01-16|0|Arrecadacao de Receita
2016|6|1|PMJP|1230000000|CONTRIBUIÇÃO PARA O CUSTEIO DO SERVIÇO DE ILUMINAÇÃO PÚBLICA|RECURSOS ORDINÁRIOS|3079008.65|2017-01-16|0|Arrecadacao de Receita
2016|1|2|EMLUR|1990990000|OUTRAS RECEITAS|RECURSOS DIRETAMENTE ARRECADADOS|790.00|2017-01-16|0|Arrecadacao de Receita
2016|4|18|FUNDO MUNICIPAL DE DEFESA DOS DIREITOS DIFUSOS DO CONSUMIDOR|1919260200|MULTAS PREVISTAS NA LEGISLAÇÃO SOBRE DEFESA DOS DIREITOS DIFUSOS – OUTROS|RECURSOS DIRETAMENTE ARRECADADOS|233081.58|2017-01-16|0|Arrecadacao de Receita
2016|1|33|FUNDO MUNICIPAL DE APOIO AOS PEQUENOS NEGÓCIOS|2300990000|AMORTIZAÇÃO DE EMPRÉSTIMOS DIVERSOS|RECURSOS DIRETAMENTE ARRECADADOS|681814.39|2017-01-16|0|Arrecadacao de Receita
2016|5|1|PMJP|1122990200|OUTRAS TAXAS|RECURSOS ORDINÁRIOS|37644.34|2017-01-16|0|Arrecadacao de Receita
2016|8|18|FUNDO MUNICIPAL DE DEFESA DOS DIREITOS DIFUSOS DO CONSUMIDOR|1919260200|MULTAS PREVISTAS NA LEGISLAÇÃO SOBRE DEFESA DOS DIREITOS DIFUSOS – OUTROS|RECURSOS DIRETAMENTE ARRECADADOS|425753.05|2017-01-16|0|Arrecadacao de Receita
2016|3|1|PMJP|1931990100|RECEITA DA DÍVIDA ATIVA DE OUTROS TRIBUTOS - PRINCIPAL|RECURSOS ORDINÁRIOS|380778.80|2017-01-16|0|Arrecadacao de Receita
2016|7|35|FUNDO MUNICIPAL  DE URBANIZAÇÃO - FUNDURB|1325019900|RECEITA DE REMUNERAÇÃO DE DEPÓSITOS BANCÁRIOS - OUTROS RECURSOS VINCULADOS|RECURSOS DIRETAMENTE ARRECADADOS|7705.06|2017-01-16|0|Arrecadacao de Receita
2016|8|1|PMJP|1721010500|COTA-PARTE DO ITR|RECURSOS ORDINÁRIOS|572.45|2017-01-16|0|Arrecadacao de Receita
2016|1|1|PMJP|1112080000|IMPOSTO SOBRE TRANSMISSÃO -"INTER VIVOS" DE BENS IMÓVEIS E DE DIREITOS REAIS SOBRE IMÓVEIS -  ITBI|RECURSOS ORDINÁRIOS|5270225.52|2017-01-16|0|Arrecadacao de Receita
2016|7|14|FMDCA|1325029900|REMUNERAÇÃO DE OUTROS DEPÓSITOS DE RECURSOS NÃO VINCULADOS|RECURSOS DIRETAMENTE ARRECADADOS|480.25|2017-01-16|0|Arrecadacao de Receita
2016|1|13|FMS|1721331800|GESTÃO DO SUS - QUALIFICAÇÃO DA GESTÃO|SISTEMA ÚNICO DE SAÚDE - SUS|522000.00|2017-01-16|0|Arrecadacao de Receita
2016|11|34|FUNDO MUNICIPAL DO MEIO - AMBIENTE|1121210000|TAXA DE CONTROLE E FISCALIZAÇÃO AMBIENTAL|RECURSOS DIRETAMENTE ARRECADADOS|90554.43|2017-01-16|0|Arrecadacao de Receita
2016|7|6|IPM|1210290900|CONTRIBUIÇÕES DO SERVIDOR INATIVO CIVIL PARA O REGIME PRÓPRIO (FUNFIN)|RECEITAS DO FUNDO PREVIDENCIÁRIO  FINANCEIRO - FUNFIN|129766.16|2017-01-16|0|Arrecadacao de Receita
2016|3|1|PMJP|1721360000|TRANSFERENCIA FINANCEIRA DA LEI COMPLEMENTAR 87/96|RECURSOS ORDINÁRIOS|32366.52|2017-01-16|0|Arrecadacao de Receita
2016|1|6|IPM|7210290100|CONTRIBUIÇÃO PATRONAL DO SERV. ATIVO CIVIL-INTRA-ORÇAMENTARIAS (FUNPREV)|RECEITAS DO FUNDO PREVIDENCIÁRIO CAPITALIZADO - FUNPREV|9150000.00|2017-01-16|0|Previsao de Receita
2016|3|6|IPM|7210290300|CONTRIBUIÇÃO PATRINAL DE INATIVO CIVIL - INTRA-ORÇAMENTÁRIA (FUNFIN)|RECEITAS DO FUNDO PREVIDENCIÁRIO  FINANCEIRO - FUNFIN|17193.32|2017-01-16|0|Arrecadacao de Receita
2016|1|6|IPM|1922100100|COMPENSAÇÕES FINANCEIRAS ENTRE O REGIME GERAL E OS REGIMES PRÓPRIOS DA PREVIDÊNCIA DOS SERVIDORES - PRINCIPAL (FUNFIN)|RECEITAS DO FUNDO PREVIDENCIÁRIO  FINANCEIRO - FUNFIN|2740122.96|2017-01-16|0|Arrecadacao de Receita
2016|5|42|SEMOB|1122990200|OUTRAS TAXAS|RECURSOS DIRETAMENTE ARRECADADOS|3780.00|2017-01-16|0|Arrecadacao de Receita
2016|2|42|SEMOB|1122990200|OUTRAS TAXAS|RECURSOS DIRETAMENTE ARRECADADOS|3688.45|2017-01-16|0|Arrecadacao de Receita
2016|7|13|FMS|1325010600|RECEITA DE REMUNERAÇÃO DE DEPÓSITOS BANCÁRIOS - RECURSOS VINCULADOS EM AÇÕES E SERVIÇOS PÚBLICOS DE SAÚDE|RECURSOS DIRETAMENTE ARRECADADOS|2186.84|2017-01-16|0|Arrecadacao de Receita
2016|11|6|IPM|1210290700|CONTRIBUIÇÃO DO SERVIDOR ATIVO CIVIL PARA O REGIME PRÓPRIO (FUNFIN)|RECEITAS DO FUNDO PREVIDENCIÁRIO  FINANCEIRO - FUNFIN|1921337.68|2017-01-16|0|Arrecadacao de Receita
2016|10|13|FMS|1721330700|SAMU - SERVIÇO DE ATENDIMENTO MÓVEL ÀS URGÊNCIAS|SISTEMA ÚNICO DE SAÚDE - SUS|950950.00|2017-01-16|0|Arrecadacao de Receita
2016|9|1|PMJP|1721360000|TRANSFERENCIA FINANCEIRA DA LEI COMPLEMENTAR 87/96|RECURSOS ORDINÁRIOS|32366.52|2017-01-16|0|Arrecadacao de Receita
2016|5|13|FMS|1721331500|DST/HIV/AIDS|SISTEMA ÚNICO DE SAÚDE - SUS|42328.38|2017-01-16|0|Arrecadacao de Receita
2016|5|13|FMS|1325019900|RECEITA DE REMUNERAÇÃO DE DEPÓSITOS BANCÁRIOS - OUTROS RECURSOS VINCULADOS|TRANSF. DE CONVÊNIOS - REC UNIÃO ADM. INDIRETA E FUNDOS|6726.52|2017-01-16|0|Arrecadacao de Receita
2016|10|1|PMJP|2119000000|OUTRAS OPERAÇÕES DE CRÉDITO INTERNAS|OPERACOES DE CREDITOS INTERNAS|429425.29|2017-01-16|0|Arrecadacao de Receita
2016|2|6|IPM|1210291100|CONTRIBUIÇÕES DE PENSIONISTAS CIVIL PARA O REGIME PRÓPRIO (FUNFIN)|RECEITAS DO FUNDO PREVIDENCIÁRIO  FINANCEIRO - FUNFIN|52954.35|2017-01-16|0|Arrecadacao de Receita
2016|3|6|IPM|1210290700|CONTRIBUIÇÃO DO SERVIDOR ATIVO CIVIL PARA O REGIME PRÓPRIO (FUNPREV)|RECEITAS DO FUNDO PREVIDENCIÁRIO CAPITALIZADO - FUNPREV|783848.51|2017-01-16|0|Arrecadacao de Receita
2016|3|1|PMJP|1911400000|MULTAS E JUROS DE MORA DO IMPOSTO SOBRE SERVIÇOS DE QUALQUER NATUREZA - ISS|RECURSOS ORDINÁRIOS|16240.89|2017-01-16|0|Arrecadacao de Receita
2016|7|42|SEMOB|1122990100|TAXA DE ESTACIONAMENTO|RECURSOS DIRETAMENTE ARRECADADOS|115969.50|2017-01-16|0|Arrecadacao de Receita
2016|12|1|PMJP|1122990200|OUTRAS TAXAS|RECURSOS ORDINÁRIOS|44167.95|2017-01-16|0|Arrecadacao de Receita
2016|1|1|PMJP|1722010400|COTA-PARTE DO IPI SOBRE EXPORTACAO|RECURSOS ORDINÁRIOS|25213.30|2017-01-16|0|Arrecadacao de Receita
2016|11|1|PMJP|1911380000|MULTAS E JUROS DE MORA DO IMPOSTO SOBRE A PROPRIEDADE PREDIAL E TERRIT. URBANA - IPTU|RECURSOS ORDINÁRIOS|179525.65|2017-01-16|0|Arrecadacao de Receita
2016|12|2|EMLUR|1990990000|OUTRAS RECEITAS|RECURSOS DIRETAMENTE ARRECADADOS|23319.71|2017-01-16|0|Arrecadacao de Receita
2016|1|6|IPM|7210290500|CONTRIBUIÇÃO PATRONAL DE PENSIONISTA CIVIL - INTRA - ORÇAMENTÁRIAS (FUNFIN)|RECEITAS DO FUNDO PREVIDENCIÁRIO  FINANCEIRO - FUNFIN|15337.62|2017-01-16|0|Arrecadacao de Receita
2016|12|1|PMJP|1112043100|IMPOSTO DE RENDA RETIDO NAS FONTES S/OS RENDIMENTOS DO TRABALHO|RECURSOS ORDINÁRIOS|7502930.85|2017-01-16|0|Arrecadacao de Receita
2016|4|2|EMLUR|1990990000|OUTRAS RECEITAS|RECURSOS DIRETAMENTE ARRECADADOS|1119.50|2017-01-16|0|Arrecadacao de Receita
2016|1|1|PMJP|1112020000|IMPOSTO PREDIAL E TERRITORIAL URBANO|RECURSOS ORDINÁRIOS|1429550.69|2017-01-16|0|Arrecadacao de Receita
2016|10|13|FMS|1721331300|VIGILÂNCIA E PROMOÇÃO À SAÚDE|SISTEMA ÚNICO DE SAÚDE - SUS|417369.00|2017-01-16|0|Arrecadacao de Receita
2016|6|1|PMJP|9721010210|DEDUÇÕES DA RECEITA PARA FORMAÇÃO DO FUNDEB - FPM|RECURSOS ORDINÁRIOS|5973678.92|2017-01-16|0|Arrecadacao de Receita
2016|11|13|FMS|1325010300|RECEITA DE REMUNERAÇÃO DE DEPÓSITOS BANCÁRIOS DE RECURSOS VINCULADOS - FUNDO DE SAÚDE|SISTEMA ÚNICO DE SAÚDE - SUS|658000.38|2017-01-16|0|Arrecadacao de Receita
2016|9|1|PMJP|9112020000|DEDUÇÃO DE IMPOSTO PREDIAL E TERRITORIAL URBANO|RECURSOS ORDINÁRIOS|8400.78|2017-01-16|0|Arrecadacao de Receita
2016|3|42|SEMOB|1990990000|OUTRAS RECEITAS|RECURSOS DIRETAMENTE ARRECADADOS|232.50|2017-01-16|0|Arrecadacao de Receita
2016|11|42|SEMOB|1122990100|TAXA DE ESTACIONAMENTO|RECURSOS DIRETAMENTE ARRECADADOS|55279.50|2017-01-16|0|Arrecadacao de Receita
2016|10|43|FUNDERM|1325029900|REMUNERAÇÃO DE OUTROS DEPÓSITOS DE RECURSOS NÃO VINCULADOS|RECURSOS DIRETAMENTE ARRECADADOS|17606.27|2017-01-16|0|Arrecadacao de Receita
2016|2|6|IPM|1210290900|CONTRIBUIÇÕES DO SERVIDOR INATIVO CIVIL PARA O REGIME PRÓPRIO (FUNFIN)|RECEITAS DO FUNDO PREVIDENCIÁRIO  FINANCEIRO - FUNFIN|133151.74|2017-01-16|0|Arrecadacao de Receita
2016|12|13|FMS|1325010600|RECEITA DE REMUNERAÇÃO DE DEPÓSITOS BANCÁRIOS - RECURSOS VINCULADOS EM AÇÕES E SERVIÇOS PÚBLICOS DE SAÚDE|RECURSOS DIRETAMENTE ARRECADADOS|1919.95|2017-01-16|0|Arrecadacao de Receita
2016|2|1|PMJP|1911400000|MULTAS E JUROS DE MORA DO IMPOSTO SOBRE SERVIÇOS DE QUALQUER NATUREZA - ISS|RECURSOS ORDINÁRIOS|19210.14|2017-01-16|0|Arrecadacao de Receita
2016|7|13|FMS|1721330200|SAÚDE DA FAMÍLIA - PSF|SISTEMA ÚNICO DE SAÚDE - SUS|1150115.00|2017-01-16|0|Arrecadacao de Receita
2016|7|42|SEMOB|1919150000|MULTAS PREVISTAS NA LEGISLAÇÃO DE TRÂNSITO|RECURSOS DIRETAMENTE ARRECADADOS|1007815.52|2017-01-16|0|Arrecadacao de Receita
2016|10|42|SEMOB|1121220000|TAXA DE SERVIÇOS ADMINISTRATIVOS|RECURSOS DIRETAMENTE ARRECADADOS|4630.21|2017-01-16|0|Arrecadacao de Receita
2016|9|33|FUNDO MUNICIPAL DE APOIO AOS PEQUENOS NEGÓCIOS|1990990100|OUTRAS CONTRIBUIÇÕES ECONÔMICAS - EMPREENDER - JP|RECURSOS DIRETAMENTE ARRECADADOS|578706.62|2017-01-16|0|Arrecadacao de Receita
2016|5|6|IPM|1990990000|OUTRAS RECEITAS (FUNPREV)|RECEITAS DO FUNDO PREVIDENCIÁRIO CAPITALIZADO - FUNPREV|21876.21|2017-01-16|0|Arrecadacao de Receita
2016|6|6|IPM|7210290100|CONTRIBUIÇÃO PATRONAL DE SERV. ATIVO CIVIL INTRA-ORÇAMENTÁRIAS (FUNFIN)|RECEITAS DO FUNDO PREVIDENCIÁRIO  FINANCEIRO - FUNFIN|3600568.44|2017-01-16|0|Arrecadacao de Receita
2016|2|1|PMJP|1722223000|COTA-PARTE ROYALTIES - COMPENSAÇÃO FINANCEIRA PELA PRODUÇÃO DO PETRÓLEO - LEI Nº 7.990/89 ART. 9º|RECURSOS ORDINÁRIOS|268531.75|2017-01-16|0|Arrecadacao de Receita
2016|9|6|IPM|1922100100|COMPENSAÇÕES FINANCEIRAS ENTRE O REGIME GERAL E OS REGIMES PRÓPRIOS DA PREVIDÊNCIA DOS SERVIDORES - PRINCIPAL (FUNFIN)|RECEITAS DO FUNDO PREVIDENCIÁRIO  FINANCEIRO - FUNFIN|887039.07|2017-01-16|0|Arrecadacao de Receita
2016|5|13|FMS|1121170000|TAXA DE FISCALIZAÇÃO DE VIGILÂNCIA SANITÁRIA|RECURSOS DIRETAMENTE ARRECADADOS|33495.92|2017-01-16|0|Arrecadacao de Receita
2016|1|6|IPM|7210290100|CONTRIBUIÇÃO PATRONAL DE SERV. ATIVO CIVIL INTRA-ORÇAMENTÁRIAS (FUNFIN)|RECEITAS DO FUNDO PREVIDENCIÁRIO  FINANCEIRO - FUNFIN|49400000.00|2017-01-16|0|Previsao de Receita
2016|6|42|SEMOB|1122990300|TAXA DE VISTORIA|RECURSOS DIRETAMENTE ARRECADADOS|5211.60|2017-01-16|0|Arrecadacao de Receita
2016|2|1|PMJP|1112020000|IMPOSTO PREDIAL E TERRITORIAL URBANO|RECURSOS ORDINÁRIOS|9157407.54|2017-01-16|0|Arrecadacao de Receita
2016|7|10|FUNJOPE|1325019900|RECEITA DE REMUNERAÇÃO DE DEPÓSITOS BANCÁRIOS - RECURSOS VINCULADOS EM AÇÕES E SERVIÇOS PÚBLICOS DE SAÚDE|TRANSF. DE CONVÊNIOS - REC UNIÃO ADM. INDIRETA E FUNDOS|2996.27|2017-01-16|0|Arrecadacao de Receita
2016|4|6|IPM|1210290700|CONTRIBUIÇÃO DO SERVIDOR ATIVO CIVIL PARA O REGIME PRÓPRIO (FUNFIN)|RECEITAS DO FUNDO PREVIDENCIÁRIO  FINANCEIRO - FUNFIN|1640550.15|2017-01-16|0|Arrecadacao de Receita
2016|1|13|FMS|1721330200|SAÚDE DA FAMÍLIA - PSF|SISTEMA ÚNICO DE SAÚDE - SUS|1073775.00|2017-01-16|0|Arrecadacao de Receita
2016|1|6|IPM|1210290900|CONTRIBUIÇÕES DO SERVIDOR INATIVO CIVIL PARA O REGIME PRÓPRIO (FUNFIN)|RECEITAS DO FUNDO PREVIDENCIÁRIO  FINANCEIRO - FUNFIN|1755000.00|2017-01-16|0|Previsao de Receita
2016|6|1|PMJP|1122990200|OUTRAS TAXAS|RECURSOS ORDINÁRIOS|89195.95|2017-01-16|0|Arrecadacao de Receita
2016|3|42|SEMOB|1919150000|MULTAS PREVISTAS NA LEGISLAÇÃO DE TRÂNSITO|RECURSOS DIRETAMENTE ARRECADADOS|823994.86|2017-01-16|0|Arrecadacao de Receita
2016|3|13|FMS|1721330700|SAMU - SERVIÇO DE ATENDIMENTO MÓVEL ÀS URGÊNCIAS|SISTEMA ÚNICO DE SAÚDE - SUS|475475.00|2017-01-16|0|Arrecadacao de Receita
2016|10|34|FUNDO MUNICIPAL DO MEIO - AMBIENTE|1121210000|TAXA DE CONTROLE E FISCALIZAÇÃO AMBIENTAL|RECURSOS DIRETAMENTE ARRECADADOS|82588.24|2017-01-16|0|Arrecadacao de Receita
2016|1|11|FMC|1922990000|OUTRAS RESTITUIÇÕES|RECURSOS DIRETAMENTE ARRECADADOS|500.00|2017-01-16|0|Previsao de Receita
2016|10|1|PMJP|1325019900|REMUNERAÇÃO DE DEPÓSITOS BANCÁRIOS - CONVÊNIOS|TRANSF DE CONVENIO-REC DA UNIAO|421857.75|2017-01-16|0|Arrecadacao de Receita
2016|5|1|PMJP|1990990000|OUTRAS RECEITAS|RECURSOS ORDINÁRIOS|139185.76|2017-01-16|0|Arrecadacao de Receita
2016|1|1|PMJP|1990990000|OUTRAS RECEITAS|RECURSOS ORDINÁRIOS|253178.53|2017-01-16|0|Arrecadacao de Receita
2016|1|1|PMJP|1722010200|COTA-PARTE DO IPVA|RECURSOS ORDINÁRIOS|42000000.00|2017-01-16|0|Previsao de Receita
2016|7|11|FMC|1990990000|OUTRAS RECEITAS|RECURSOS DIRETAMENTE ARRECADADOS|42.19|2017-01-16|0|Arrecadacao de Receita
2016|11|1|PMJP|1722010100|COTA - PARTE  DO  ICMS|RECURSOS ORDINÁRIOS|35479569.11|2017-01-16|0|Arrecadacao de Receita
2016|9|6|IPM|1210290700|CONTRIBUIÇÃO DO SERVIDOR ATIVO CIVIL PARA O REGIME PRÓPRIO (FUNFIN)|RECEITAS DO FUNDO PREVIDENCIÁRIO  FINANCEIRO - FUNFIN|1871346.65|2017-01-16|0|Arrecadacao de Receita
2016|12|1|PMJP|1122020000|TAXA DE COLETA DE RESÍDUOS|RECURSOS ORDINÁRIOS|4898.75|2017-01-16|0|Arrecadacao de Receita
2016|12|1|PMJP|2119000000|OUTRAS OPERAÇÕES DE CRÉDITO INTERNAS|OPERACOES DE CREDITOS INTERNAS|380231.98|2017-01-16|0|Arrecadacao de Receita
2016|10|1|PMJP|1121290000|TAXA DE LICENÇA PARA EXECUÇÃO DE OBRAS|RECURSOS ORDINÁRIOS|40976.94|2017-01-16|0|Arrecadacao de Receita
2016|1|13|FMS|1721330200|SAÚDE DA FAMÍLIA - PSF|SISTEMA ÚNICO DE SAÚDE - SUS|25276303.00|2017-01-16|0|Previsao de Receita
2016|12|1|PMJP|1921990000|OUTRAS INDENIZAÇÕES|RECURSOS ORDINÁRIOS|16552.14|2017-01-16|0|Arrecadacao de Receita
2016|1|42|SEMOB|1121220000|TAXA DE SERVIÇOS ADMINISTRATIVOS|RECURSOS DIRETAMENTE ARRECADADOS|6495.21|2017-01-16|0|Arrecadacao de Receita
2016|2|1|PMJP|9721010210|DEDUÇÕES DA RECEITA PARA FORMAÇÃO DO FUNDEB - FPM|RECURSOS ORDINÁRIOS|7530301.23|2017-01-16|0|Arrecadacao de Receita
2016|1|1|PMJP|1721010500|COTA-PARTE DO ITR|RECURSOS ORDINÁRIOS|563.27|2017-01-16|0|Arrecadacao de Receita
2016|10|1|PMJP|1325029900|REMUNERAÇÃO DE OUTROS DEPÓSITOS DE RECURSOS NÃO VINCULADOS|RECURSOS ORDINÁRIOS|514346.93|2017-01-16|0|Arrecadacao de Receita
2016|1|1|PMJP|1724010000|TRANSF.DE REC.DO FUNDO DE MANUT. E DESENV. DA EDUCAÇÃO BÁSICA E DE VALORIZAÇÃO DOS PROFISSIONAIS DA EDUCAÇÃO - FUNDEB|RECURSOS DO FUNDEB|160000000.00|2017-01-16|0|Previsao de Receita
2016|1|1|PMJP|1122990200|OUTRAS TAXAS|RECURSOS ORDINÁRIOS|40959.87|2017-01-16|0|Arrecadacao de Receita
2016|3|1|PMJP|1721350300|FNDE - PNAE - ALIMENTAÇÃO ESCOLAR|TRANSFERENCIAS DA UNIÃO - FNDE|638410.00|2017-01-16|0|Arrecadacao de Receita
2016|3|13|FMS|1121170000|TAXA DE FISCALIZAÇÃO DE VIGILÂNCIA SANITÁRIA|RECURSOS DIRETAMENTE ARRECADADOS|55823.52|2017-01-16|0|Arrecadacao de Receita
2016|2|1|PMJP|1721359904|FNDE - PEJA - PROGRAMA DE APOIO AO SISTEMA ENSINO/EJA|TRANSFERENCIAS DA UNIÃO - FNDE|2785.93|2017-01-16|0|Arrecadacao de Receita
2016|3|1|PMJP|1931130000|RECEITA DA DÍVIDA ATIVA DO IMPOSTO SOBRE SERVIÇOS DE QUALQUER NATUREZA - ISS|RECURSOS ORDINÁRIOS|29391.69|2017-01-16|0|Arrecadacao de Receita
2016|2|1|PMJP|1121290000|TAXA DE LICENÇA PARA EXECUÇÃO DE OBRAS|RECURSOS ORDINÁRIOS|74832.10|2017-01-16|0|Arrecadacao de Receita
2016|5|1|PMJP|1911380000|MULTAS E JUROS DE MORA DO IMPOSTO SOBRE A PROPRIEDADE PREDIAL E TERRIT. URBANA - IPTU|RECURSOS ORDINÁRIOS|185281.17|2017-01-16|0|Arrecadacao de Receita
2016|2|44|FUNDO MUNICIPAL DO IDOSO (FMI/JP)|1325029900|REMUNERAÇÃO DE OUTROS DEPÓSITOS DE RECURSOS NÃO VINCULADOS|RECEITAS DE CONTRIBUIÇÕES|6364.57|2017-01-16|0|Arrecadacao de Receita
2016|3|2|EMLUR|1390010000|RENDIMENTOS DE APLICAÇÕES FINANCEIRAS|RECURSOS DIRETAMENTE ARRECADADOS|18551.47|2017-01-16|0|Arrecadacao de Receita
2016|3|1|PMJP|1724010000|TRANSF.DE REC.DO FUNDO DE MANUT. E DESENV. DA EDUCAÇÃO BÁSICA E DE VALORIZAÇÃO DOS PROFISSIONAIS DA EDUCAÇÃO - FUNDEB|RECURSOS DO FUNDEB|12987535.95|2017-01-16|0|Arrecadacao de Receita
2016|9|24|FMAS|1990990000|OUTRAS RECEITAS|RECURSOS DIRETAMENTE ARRECADADOS|5000.68|2017-01-16|0|Arrecadacao de Receita
2016|1|42|SEMOB|1325029900|REMUNERAÇÃO DE OUTROS DEPÓSITOS DE RECURSOS NÃO VINCULADOS|RECURSOS DIRETAMENTE ARRECADADOS|63837.72|2017-01-16|0|Arrecadacao de Receita
2016|12|1|PMJP|9113050100|IMPOSTO SOBRE SERVIÇOS DE QUALQUER NATUREZA|RECURSOS ORDINÁRIOS|362.50|2017-01-16|0|Arrecadacao de Receita
2016|1|13|FMS|1721330900|CEO - CENTRO DE ESPECIALIDADES ODONTOLÓGICAS|SISTEMA ÚNICO DE SAÚDE - SUS|93500.00|2017-01-16|0|Arrecadacao de Receita
2016|3|13|FMS|1721330400|SAÚDE BUCAL|SISTEMA ÚNICO DE SAÚDE - SUS|395825.00|2017-01-16|0|Arrecadacao de Receita
2016|11|1|PMJP|1911990100|MULTAS E JUROS DE MORA DE OUTROS TRIBUTOS|RECURSOS ORDINÁRIOS|37826.40|2017-01-16|0|Arrecadacao de Receita
2016|7|1|PMJP|1721010500|COTA-PARTE DO ITR|RECURSOS ORDINÁRIOS|555.43|2017-01-16|0|Arrecadacao de Receita
2016|1|42|SEMOB|2219000000|ALIENAÇÃO DE OUTROS BENS MÓVEIS|RECURSOS DIRETAMENTE ARRECADADOS|20000.00|2017-01-16|0|Previsao de Receita
2016|11|18|FUNDO MUNICIPAL DE DEFESA DOS DIREITOS DIFUSOS DO CONSUMIDOR|1919260200|MULTAS PREVISTAS NA LEGISLAÇÃO SOBRE DEFESA DOS DIREITOS DIFUSOS – OUTROS|RECURSOS DIRETAMENTE ARRECADADOS|460619.27|2017-01-16|0|Arrecadacao de Receita
2016|4|1|PMJP|1911400000|MULTAS E JUROS DE MORA DO IMPOSTO SOBRE SERVIÇOS DE QUALQUER NATUREZA - ISS|RECURSOS ORDINÁRIOS|16160.23|2017-01-16|0|Arrecadacao de Receita
2016|8|1|PMJP|1724010000|TRANSF.DE REC.DO FUNDO DE MANUT. E DESENV. DA EDUCAÇÃO BÁSICA E DE VALORIZAÇÃO DOS PROFISSIONAIS DA EDUCAÇÃO - FUNDEB|RECURSOS DO FUNDEB|13609858.71|2017-01-16|0|Arrecadacao de Receita
2016|3|1|PMJP|9722010100|DEDUÇÕES DA RECEITA PARA FORMAÇÃO DO FUNDEB - ICMS|RECURSOS ORDINÁRIOS|5951054.16|2017-01-16|0|Arrecadacao de Receita
2016|12|13|FMS|1721330500|NÚCLEO DE APOIO A SAÚDE DA FAMÍLIA - NASF|SISTEMA ÚNICO DE SAÚDE - SUS|660000.00|2017-01-16|0|Arrecadacao de Receita
2016|10|1|PMJP|1112020000|IMPOSTO PREDIAL E TERRITORIAL URBANO|RECURSOS ORDINÁRIOS|1488271.36|2017-01-16|0|Arrecadacao de Receita
2016|5|13|FMS|1721330500|NÚCLEO DE APOIO A SAÚDE DA FAMÍLIA - NASF|SISTEMA ÚNICO DE SAÚDE - SUS|660000.00|2017-01-16|0|Arrecadacao de Receita
2016|6|1|PMJP|1122990400|OUTRAS TAXAS PELA PRESTAÇÃO DE SERVIÇOS|RECURSOS ORDINÁRIOS|6591.77|2017-01-16|0|Arrecadacao de Receita
2016|4|42|SEMOB|1122990100|TAXA DE ESTACIONAMENTO|RECURSOS DIRETAMENTE ARRECADADOS|109027.50|2017-01-16|0|Arrecadacao de Receita
2016|5|13|FMS|1721331600|COMPONENTE BÁSICO DA ASSISTÊNCIA FARMACÊUTICA|SISTEMA ÚNICO DE SAÚDE - SUS|311590.88|2017-01-16|0|Arrecadacao de Receita
2016|6|13|FMS|1121170000|TAXA DE FISCALIZAÇÃO DE VIGILÂNCIA SANITÁRIA|RECURSOS DIRETAMENTE ARRECADADOS|35261.17|2017-01-16|0|Arrecadacao de Receita
2016|10|13|FMS|1721330900|CEO - CENTRO DE ESPECIALIDADES ODONTOLÓGICAS|SISTEMA ÚNICO DE SAÚDE - SUS|187000.00|2017-01-16|0|Arrecadacao de Receita
2016|8|42|SEMOB|1122990100|TAXA DE ESTACIONAMENTO|RECURSOS DIRETAMENTE ARRECADADOS|116572.00|2017-01-16|0|Arrecadacao de Receita
2016|6|42|SEMOB|1122990100|TAXA DE ESTACIONAMENTO|RECURSOS DIRETAMENTE ARRECADADOS|105205.50|2017-01-16|0|Arrecadacao de Receita
2016|1|1|PMJP|2119000000|OUTRAS OPERAÇÕES DE CRÉDITO INTERNAS|OPERACOES DE CREDITOS INTERNAS|92313000.00|2017-01-16|0|Previsao de Receita
2016|2|13|FMS|1325010300|RECEITA DE REMUNERAÇÃO DE DEPÓSITOS BANCÁRIOS  DE RECURSOS VINCULADOS  - FUNDO DE SAÚDE|TRANSF. DE RECURSO DO ESTADO PARA PROGRAMA DE SAÚDE|187683.75|2017-01-16|0|Arrecadacao de Receita
2016|7|13|FMS|1721330400|SAÚDE BUCAL|SISTEMA ÚNICO DE SAÚDE - SUS|389135.00|2017-01-16|0|Arrecadacao de Receita
2016|6|13|FMS|1721330800|REDE DE URGÊNCIA - UPA/SE|SISTEMA ÚNICO DE SAÚDE - SUS|475000.00|2017-01-16|0|Arrecadacao de Receita
2016|1|1|PMJP|2123990000|OUTRAS OPERAÇÕES DE CRÉDITO EXTERNAS CONTRATUAIS|OPERACOES DE CREDITO EXTERNAS|2430000.00|2017-01-16|0|Previsao de Receita
2016|2|6|IPM|1325019900|RECEITA DE REMUNERAÇÃO DE DEPÓSITOS BANCÁRIOS - RECURSOS VINCULADOS EM AÇÕES E SERVIÇOS PÚBLICOS DE SAÚDE (FUNFIN)|RECEITAS DO FUNDO PREVIDENCIÁRIO  FINANCEIRO - FUNFIN|67295.04|2017-01-16|0|Arrecadacao de Receita
2016|1|1|PMJP|1721990000|OUTRAS TRANSFERÊNCIAS DA UNIAO|RECURSOS ORDINÁRIOS|4462.30|2017-01-16|0|Arrecadacao de Receita
2016|5|1|PMJP|1325010200|REMUNERAÇÃO DE DEPÓSITOS BANCÁRIOS - RECEITA DE APLICAÇÃO FINANCEIRA - RECURSOS DO FUNDEB|RECURSOS DO FUNDEB|107972.20|2017-01-16|0|Arrecadacao de Receita
2016|11|11|FMC|1990990000|OUTRAS RECEITAS|RECURSOS DIRETAMENTE ARRECADADOS|40.03|2017-01-16|0|Arrecadacao de Receita
2016|6|1|PMJP|2119000000|OUTRAS OPERAÇÕES DE CRÉDITO INTERNAS|OPERACOES DE CREDITOS INTERNAS|560543.07|2017-01-16|0|Arrecadacao de Receita
2016|1|13|FMS|1721332000|OUTROS PROGRAMAS FINANCIADOS POR TRANSFERÊNCIAS FUNDO A FUNDO|SISTEMA ÚNICO DE SAÚDE - SUS|39475521.00|2017-01-16|0|Previsao de Receita
2016|7|6|IPM|1990990000|OUTRAS RECEITAS (FUNPREV)|RECEITAS DO FUNDO PREVIDENCIÁRIO CAPITALIZADO - FUNPREV|19102.17|2017-01-16|0|Arrecadacao de Receita
